,MB_beta,forgetting,MB_depth,MB_breadth_A1,MB_breadth_A2,rewardEffectCache,cache,CB,repeat_control
0,1.3391363795525035,0.013019587640094265,0.8712840437068337,1.7722544253779324,0.5538258463362882,1.122567703644586,3.4757865520700433,-0.6182611367738259,1.5757934978301298
1,1.299197754899637,0.061447662430752066,0.8738310877308768,3.4976800283049623,0.23494323476265944,0.680075157449032,2.4621020771125197,1.8952703263999702,4.536741888574516
2,1.0794906987573005,0.03838176615466388,0.6562301138235735,3.071077863532381,1.3683323641932623,1.2173266528253979,2.049489148404135,1.242347742288743,4.3609916684023275
3,1.6697237976950743,0.021607687520455263,0.7418541838492487,2.9719373147180304,0.9912133847970069,1.2887711177452306,3.5839882858255283,0.4107053647797323,3.319086100620553
4,1.5637687126368487,0.02432332897898035,0.6949384448511586,4.824394513002497,1.2852166230139885,1.192945432696184,3.6348032800802823,0.5623430098914962,3.032131271115924
5,1.3919946515193322,0.01274353757604867,0.604784445809064,3.804179661500503,0.8482790877947285,1.3899452167202198,3.7509364553720825,0.4659454716384209,2.8372903601324073
6,1.6912790589255455,0.009065309294457705,0.9654648748733663,2.1945258809830284,0.7618184644572135,1.193205703801909,4.417320431632727,-1.0214086890107472,1.739804740960961
7,1.998153591092331,0.04789386835397659,0.8902384856020829,3.6714493698500834,0.03987369391887746,0.7301373387490216,2.290675993317322,-0.06914484711008295,0.6414477072034221
8,1.1942081898696286,0.04947700033129544,0.8108779417358594,4.526593459179297,0.4417479946132188,0.982411559817371,2.846959490452549,1.6691640940767827,2.8225716698551238
9,1.2069794018760835,0.04612312042398631,0.8046708824205584,4.583283959627993,0.4260564993985386,0.9927712750448929,2.820278211064376,1.6275130009467227,2.6820205064588443
10,1.1314511924321913,0.024712565046116974,0.5287157765462032,2.314829881917065,1.8621099541776067,1.618865284619197,3.2478595374916295,1.0043637903002933,0.25295989413290004
11,1.6148386947491793,0.04410855490236451,0.8897442393318488,3.33895095030191,0.04435897462114295,1.1253076013155963,2.1737662555005115,0.4090598642404555,0.7964835158293946
12,2.90680290280633,0.050991162253561095,0.9311277941753382,4.198593290266769,0.8233277403408812,0.9086154900567275,2.338840517512371,-0.853332006107282,2.377685558558237
13,1.6478588030857044,0.056092234591266874,0.9397483256510579,3.7667233052874822,0.5616264381555014,0.9332675942420502,2.0970729732373767,-0.9145347715482081,2.295773093247864
14,1.4080805799882519,0.03934485965385305,0.6832123258666325,4.499320164086657,2.4665542074982776,0.3810139286633466,1.5286878464248774,-0.8817047074312858,3.381671401914379
15,0.9482529158955751,0.05634326900608986,0.8588748245746785,3.032805151018788,1.6626205773699934,0.7577446843783052,1.3038548250748878,-0.6170693865595953,0.594420928111818
16,0.43531253687062477,0.11117476039045657,0.8214886323428485,3.3975483919059584,0.21072454922933048,0.6737029254053919,1.2761040128187948,-0.49816895617537515,1.0508694902081106
17,1.6899814941764273,0.013475407222870668,0.6836234739407117,4.2233287200618825,0.9900475378918097,1.4086413742658306,3.567068737466106,0.4750717369256218,2.2638999397821635
18,1.9118521389853964,0.037512640196227354,0.932820805773392,5.2466007062750695,0.024787599465187216,0.9620241218722205,1.9750003757127295,0.8068282200145102,1.333858997223569
19,2.8922255267918935,0.036861799169118956,0.8713716074280446,5.688959628559882,2.8801628143605935,1.051290775003424,2.5621121645911815,-0.19770164461561712,1.0745406870460052
20,2.6380331075866152,0.05447485548462887,0.06781893013795776,4.906366040497756,1.2653141245762451,-0.04532183161609398,1.3142969090971885,0.06138458402368424,3.12827327509837
21,1.7150531385836518,0.03158373246487377,0.7838025245800402,4.7352529832661405,2.118915036309339,1.0939552474855256,1.6179725623771666,-0.5679191722520532,2.712427088795531
22,1.3230559051376019,0.03432050564559056,0.6902174667083831,3.539024195326583,0.7640104609460019,1.04635231284779,2.208774294444774,0.4267135255015725,4.837434013236589
23,1.2502037838449263,0.05012528232116433,0.6284240262707741,3.7605380767989596,0.5977502646651888,0.8525385629869455,2.6888211514534146,0.5087769286050728,3.300815661912475
24,1.9320507502753261,0.10085595972550354,0.9394010636864575,0.921312574159703,1.5789448731602918,0.3088323996722598,1.5626653898128098,0.26667731706639664,4.93925305837362
25,1.1249849849074958,0.043436256518880535,0.8172762864072833,4.4852551344960325,0.37461007907692245,0.8796320347867627,3.106512205057153,1.7219171554284867,1.1125822917600314
26,1.6566518641387735,0.04167051644766786,0.9272023733295385,3.5927289825576407,1.4683652476949478,0.29502904909339245,1.499275144086019,-2.01092685442031,0.2873690637181586
27,1.3832395554335353,0.053968823025251814,0.8829658227093735,3.3604900929595054,1.4489860888432853,1.0243812723179988,3.1881737553150917,0.341266762091696,1.2776595484469686
28,1.0812136539303348,0.046557361487265976,0.7970725007650353,4.533551752515574,0.4425404591562748,0.9111572588685732,2.8465797503781163,1.9389371850222576,3.2603973725547024
29,0.5259907324041204,0.012004679704711214,0.20486214203593295,3.9903521018207484,1.1500561715917657,-0.3464197492545675,1.6500440901722786,-0.19935531071017193,0.34062008869039423
30,0.8950093153714064,0.0992267073601977,0.7685697841491961,4.038196960755371,0.43154997196376954,0.5014441428436691,1.2341664067558784,0.8992189171321999,0.5052643648836643
31,0.8988815816297666,0.08199976314981418,0.8396599857713184,2.92804807124387,0.9117366695082543,0.49378827979778267,2.7998258657200576,0.46220998734174534,3.04980399163588
32,2.1544190024822094,0.13805663374543148,0.8466067352220537,2.8759748427729415,1.3030773081345304,0.6832856626692159,1.7681591516469775,0.23430274646132215,0.6594736824292282
33,1.2013896544113793,0.04519028482642003,0.7982251449401996,4.521549478385175,0.4269578052019934,0.9726233542822194,2.8516498984431093,1.6600028302467282,2.7244992375129193
34,0.6575966334972931,0.025909047233188924,0.08561101936808373,4.897006428276306,0.8200502432925028,0.4999852795041071,1.3555781607237818,0.40899932774393055,0.6387145279364266
35,0.6465798514687457,0.045243826761425784,0.8212487463847233,4.20202600392363,0.08993464116340752,0.9525801529254078,4.248418379772769,-1.5014503203339276,0.17450181536434803
36,1.657562160526873,0.03645821796010611,0.8423909382592429,5.012392195163544,2.555051973832012,0.4278672356477754,2.5058635129595643,0.6806451773159368,1.556428243543928
37,1.5556081734652198,0.08653623540478453,0.8384702781987046,0.7901384772505566,0.018338627889115458,1.2181447003421493,1.8950576613345114,1.2805999497378724,0.7331930383017242
38,1.2191290075749284,0.1551849504425344,0.8535745301450786,0.8465446841049145,1.358766709109902,0.428066827638218,1.9312148182691518,0.7719701246632262,0.5989674634545321
39,0.32406852084795584,0.1815078966808722,0.7435123161006073,1.2675708558690826,0.3024416965565243,0.3335082201402292,0.9128731258108987,0.10139629523708331,0.6874089244693762
40,1.7796126630645208,0.05039614283768665,0.8051784579964978,5.263295558528984,2.424598569158054,1.0172140247773904,4.010280840867039,0.8094816944207242,2.652968530291296
41,1.66708917635894,0.024508816098914657,0.911172321970131,4.328435675399233,1.846044094031473,0.7566185573634252,2.724587093605683,1.0018477662807366,4.988895466355865
42,1.310799027218035,0.025393137823313698,0.6582920309252458,4.117189622171528,1.987853820285253,1.0873973519879359,3.33974661636444,0.789955381910525,0.6438868875073123
43,1.392176105423995,0.03360891972997161,0.5186334812979021,4.82487550106452,0.9857838442290391,1.1880379880125855,2.0409012999295695,0.17513894002631564,2.8835096468161847
44,1.3710988523630938,0.006852805340234881,0.10331334191279917,4.8830732222965025,1.0138156990376237,0.6903907868316055,3.3614006153703855,0.2385354349470557,0.5328079651933869
45,1.6263019878658733,0.06722018262944307,0.8591223910957801,1.0818246212713012,0.03344429332174237,1.069804345894343,1.3956673045337133,0.3664650888430153,3.4508932811513526
46,0.5277738110061603,0.04248355437497042,0.8081522999170837,1.9485696274383815,0.17287157360266903,0.633398436532177,1.3035432885092377,-0.41064011387799093,2.43314111674907
47,1.2119422894641618,0.046867741926686836,0.8078629868844804,4.485058070899395,0.40191113000003287,0.9951766333111584,2.8760515761789884,1.655643836234804,2.7951520973121253
48,1.0764128007437312,0.14046132658751076,0.15665008269578307,4.923870398513195,0.6149836251225141,1.0206587259059505,2.0668570796741568,0.8047233650784971,2.1270974028533556
49,0.8318509149188015,0.12240810858967206,0.7942078260257561,1.8421230091587086,0.2616219465984353,1.1538359096659263,1.1903539027345909,-0.09140530714948004,1.096578714449948
50,1.181518628619465,0.04411581666489423,0.8135956604017831,4.9353007852090816,0.3357882993116871,1.393720650681459,2.1252947987605024,-0.6648734155017674,4.075827803403357
51,0.8614682971312615,0.08404485087504698,0.3311588573975505,1.3229700823059356,0.7646397782037724,0.7419233912902838,1.6625548894320479,-0.7861330040076311,3.481850543585753
52,0.7915416578253996,0.025708811063362376,0.2930494925691152,3.4955339756320645,0.3572253654215449,0.8216031284424729,4.5774149082716304,-0.6044627111504308,0.20639522050569695
53,2.686670471709523,0.053075466465607866,0.917486003160684,5.79856656962486,0.01121349480958219,0.8364568470188234,2.8866916052979303,-0.16014670270479323,0.8896102259248965
54,1.1357913425424893,0.04648250051134381,0.8092916665155134,4.3465379178647385,0.4051127095324304,0.9516429803486861,2.8279806947396233,1.8452190250374996,3.099235084711852
55,0.4343811361095747,0.13946612762973576,0.9811363334140204,1.0448128673992936,0.07328549902784658,0.42279626293248773,2.4717224135106477,-1.2076652204484848,3.505765625197446
56,1.115388958983916,0.018581868601452427,0.7039817707088256,3.9453674429425325,1.507768799321655,1.3666845675509265,3.887034759739975,1.1034574464902924,3.6117321990315316
57,1.1388606552768703,0.03705833373666652,0.8638739906439012,1.9095820514100257,0.39779814219984583,1.1126479482417466,2.9635306896723477,0.5722717530815438,0.3527438111970589
58,1.4733169990682187,0.049564390546280736,0.847321137383432,1.6758565224767734,0.09301787871072414,0.7339836877807915,3.988073317745263,-0.0650310188724362,3.794447913009841
59,0.6774754138249534,0.020555434025267834,0.14716962811414705,1.990944143266403,0.7436439982787064,0.8727327436166199,1.4308105111189398,-1.4490888307034826,3.1666367185029887
60,2.1045791670481977,0.04514028652413886,0.39365454882766426,5.100491528810974,0.04200957058843656,1.1151292225200704,1.4595240733626804,0.4769537418239403,1.1839942000836303
61,1.0450821116312614,0.04760158808975422,0.7810621524349743,4.44910388452486,0.46207025727498513,0.9596698405920003,2.912417962813942,1.89023838865279,3.1881998868214474
62,1.2420813863474816,0.05299012496572608,0.05343602183042645,3.7009695346663083,0.6035927422068068,0.4986100237116028,1.9092730406755702,0.25306377768229105,2.8384321899785254
63,0.7210498180473754,0.05873847290732309,0.03278355812156075,3.2834339253104377,1.2026483349381603,0.21117511104119963,2.0180677898039163,0.020586547765075944,1.826307633388428
64,1.251124910321196,0.04394427352485253,0.7977484712996474,4.537361442527951,0.394557805515778,0.985937465368787,2.8546379758363227,1.6654877790295393,2.5194805564219336
65,1.6113286444535764,0.10600101644235535,0.5406088134891113,0.8155468797033165,0.01283773304957362,0.7420272268958475,1.7378693105997114,-0.6671386812369521,0.849299417822308
66,1.2794850965918083,0.04858926806167319,0.8148900755191775,4.622596945009402,0.3390391926719511,0.9546192824398525,2.89512240788644,1.643697298160485,2.6821598306018166
67,2.0528424938834884,0.030854566825498093,0.7712096467335551,1.1227984413622285,0.7981900810997961,0.6387467756965879,1.2023412940026512,0.3802458652363297,8.860421453551334
68,1.2788511971175776,0.055110151384158035,0.9057638108873356,3.7136762234203746,1.475430084546705,0.6754577758274121,2.9922378613909215,-0.0531272258001601,2.9738281411211984
69,0.9144326615113927,0.06663379563514907,0.41383681957658874,3.312369581616566,0.7393552138258521,0.5005105257886434,0.8354700786111613,1.2200414573425908,3.036570640475195
70,0.3144444732857905,0.04883858835055932,0.31262256299178315,4.013703436678966,1.2342278173810612,0.44894816738299187,3.3626286628695508,-0.9625890955051747,0.5195002030352204
71,0.342447326186363,0.0031257709276206577,0.527193668607968,5.260976197967792,0.937961890418131,0.5036051505462646,2.282142994870278,-0.9293686281897557,0.32321062089174674
72,1.9240158424530744,0.047974571151927964,0.8806095076972825,3.544251685228109,2.275479974051672,0.8385221362356892,2.623689628022083,-0.1824063363279918,2.859110213662263
73,0.9407104122824856,0.034632522301534574,0.20375200892339634,3.624481525710027,0.3963087821770136,0.45958561968156025,0.9243429370845815,0.1494764895569031,2.0850000337973205
74,2.6745114754556187,0.04108536774612032,0.8842226026910949,5.59312915265366,2.8209257704336554,0.9780957334397546,2.7595569967186186,-0.3328799897607253,2.187057325367964
75,0.6065241412994758,0.06061488126699982,0.8099039747169888,4.484512435731457,0.404899412803294,1.1079324664196815,2.3560720065728873,1.79415585466601,1.1074257980077271
76,0.6559207021054847,0.024043855822612842,0.6480655688023297,2.4733756093103594,0.973243892275266,0.8100601067524213,1.9453915551792198,-0.8452870112788146,5.424443473369028
77,0.7943926548003051,0.014774821706502983,0.14099857152549303,6.4330437091829085,0.37437007341792766,0.5172621366362856,3.428185826466685,0.9084493716719454,0.21433729883974692
78,0.5234558170901344,0.06174109273976641,0.2567160299974669,4.183989213302977,0.20790155097095325,0.5297359034772184,0.8608568845097804,-0.7032556897416863,2.3660912571417687
79,1.6820643493559029,0.033545598706667255,0.6725182640592622,4.412021482579629,0.06589077675240104,1.3332886991526385,2.745752795043633,-0.23987158070696257,2.8385057942754734
80,0.7873186641603848,0.045611712050177305,0.5920380426287759,4.1536794331869835,0.5564467677614288,0.7984016249394463,1.7021134334244392,-0.1973061883213136,5.68992476648701
81,1.5284851432917033,0.08413692773366488,0.9091578484554028,3.286357777508562,0.7234623007498336,0.5659153591123616,1.8541497979486543,0.2177708323893445,1.3862810961845984
82,0.7488343134721653,0.14611252204065361,0.6529968277477014,3.638418429842015,0.6216551355273645,0.4913356553407508,1.6110290128045694,-0.054458656422369356,0.7368258634994282
83,1.6094712397567261,0.048952481174713125,0.8169188589024423,5.111760705467704,0.7842876491004689,0.909457236291651,3.7229848922119193,0.5831370384404162,1.510879678427658
84,2.415995558635811,0.050722545600598,0.27436090623243325,3.6407540303996946,0.23504106832537267,0.8902109254266287,1.3908351006825175,1.42838214911486,1.484443711334308
85,1.3191903569085865,0.05687419818431423,0.6996706381901938,5.104418851084622,1.0784398277813623,0.756269945996602,2.6502178077209746,0.6911529030448781,1.2713768156177154
86,1.8448619530307486,0.026568920945908302,0.7662246482409055,3.9549229943707815,0.4853308447401224,1.1789066292530683,4.047313582816193,-0.09351430321985177,1.8937548501113328
87,1.1899022340665493,0.04359072493881952,0.8389464475009062,4.2544816122494815,0.28616642058517705,0.7344338870729107,3.2274778875746746,1.3223654617348828,0.9763937828588931
88,0.23301398719637156,0.012590858521886478,0.761929295141266,2.502006330305583,0.3689215093108136,0.5999300222744135,1.4489762230119527,-1.057037349469127,3.0406884444617495
89,0.1352473715306035,0.040783802088079975,0.7888533064193652,6.544247912342601,0.332667347554647,0.12903386456289806,2.2142958473344767,-2.349085485376939,5.003123746447948
90,1.2528111024885584,0.04505418010060855,0.8048443007190648,4.551218727136067,0.39318421902879824,0.9960533999554417,2.7974557871786727,1.6518377788823795,2.7022572907790807
91,1.0693582108697977,0.04572233322116504,0.7989352604424691,4.395399891827452,0.4648568073843857,0.9522875891447355,2.8989375254274785,1.9107791522530537,3.207176017655898
92,1.0285234671499168,0.045396045625942176,0.8057211313250356,4.332977547340839,0.5142795100270758,0.9921943371651794,2.886241484041956,1.8873576451575378,3.4161248141499962
93,1.1766517080213288,0.10755360798975014,0.9647101334373726,0.5880963164001449,0.023313177420902963,0.762103342164502,1.6472869929129208,0.05414660151518591,3.063895935625392
94,1.533225068110721,0.07629651424734962,0.9570890925208934,5.128207144399295,1.2958482213562137,1.0358261462952054,1.797800208711918,-0.7562770489557884,1.519779665465688
95,1.2358180611121448,0.02416619377278032,0.38270469735893575,4.1779793076137794,1.5294057366049238,0.7408091299835735,2.206093456733086,-1.4112306530538836,2.9890287358222922
96,0.2397975261509488,0.006568018585717338,0.8794867710329963,1.9605357749553036,1.4453692359913377,0.5794281627441729,2.22016636399629,0.10779230164146675,0.8471519795446192
97,1.7851827571184133,0.039435409902067946,0.5511366580422079,4.9487445221940245,0.6742428628171303,1.3134479336554987,2.6367977048115963,0.20544372243703263,3.8496130188968642
98,1.468183464543391,0.1596071502105555,0.6530176355520712,0.9057195058855836,0.05877385002738482,0.7485010747131642,2.6903380971504958,-0.29953215975303166,1.5300866511298783
99,0.49980784090616237,0.12952773552217078,0.8232707986325636,4.004428323085362,0.4512001702123589,1.036539076851121,2.163879529075257,0.7928733191440986,4.093507402983705
100,0.8527531482587432,0.041970777492737435,0.11934391864880287,5.157134870845372,1.927021384786193,0.703167015267679,1.8160631398566018,1.7759532308101198,0.16384336274049116
101,1.2459549337631324,0.04709319044179451,0.8189737424505201,4.645214693711565,0.38370401196310644,0.9610435628475007,2.8509693217522463,1.6853756168501304,2.718804731068028
102,1.4727078685906192,0.024014054726170152,0.7087969353238023,2.3323405690815164,2.0929031255637596,1.4866603888367809,2.4513869308903624,-0.6784744236941788,3.7246485198224533
103,1.6545273912649225,0.1003983938399857,0.8394803714020155,1.7237360852422037,1.72554421865292,0.9145766021774682,1.6272592297585051,0.10113218825914487,3.401588094548539
104,2.161670050175523,0.03270870253909257,0.6613435808563181,4.3479632966555695,0.444692057652883,0.6006786931098773,3.9775902944891026,-0.04883437405575947,2.2597479255835604
105,0.9239032887211189,0.04458542585755402,0.8362612016228598,2.1046394597656013,0.5083914786104489,0.838973934902573,2.709584397471633,1.3281012690225749,0.9050701411722707
106,1.3567964935279972,0.05016451176277536,0.8087132578385724,2.154864477498797,0.47423065395918007,1.1301551376081957,2.8549506044621786,1.1295136120917548,0.7916678749620084
107,2.191325739898762,0.056846652976638046,0.9118596785788077,5.447909899596593,0.006594500586610763,1.06105421754305,2.2912954619056722,0.27612089210697155,1.260175558442925
108,1.2864611969066975,0.14442297781034016,0.6258608952824591,2.448849632846551,1.298150797640041,1.1541233449840445,1.880140131011573,0.1433757673656061,1.2271891709873777
109,1.0061210407664345,0.1254036221085264,0.5961011359265518,4.100360575145109,0.6657056946723505,0.9846886361136535,1.5308215354872163,0.13441833171326975,4.601339851602253
110,0.9062009733775044,0.05665857572983653,0.7412982948502297,3.55970958971253,0.44433652648177946,1.0305324764693327,2.040501297517729,2.1401655403146362,3.7794288145890156
111,0.9006373205822165,0.02811265459988151,0.06234478513546182,4.982183343343132,0.9587702738106274,0.1383523822489917,1.9937853200284659,-0.8858017086847545,2.4761279913491068
112,1.3031086256507107,0.05532777858519481,0.595778363554855,3.6469902069438085,1.320694957555538,1.1050664033053426,1.6207019301758194,0.9536230043574658,1.5574076950547395
113,0.747086949800053,0.0887787484498784,0.6381270414674086,4.069046496180152,0.5953229254023903,0.5198210881193484,1.3314409151832463,1.1308564022958432,3.7026515759049325
114,0.5060021409520938,0.06686754709340959,0.9514370261312292,1.1491622179930436,1.149196084210719,0.9112075565081361,0.9373632793646676,-0.8152035384108529,8.584479276311868
115,2.1284198706603252,0.04644357365415371,0.8872031819827305,5.342481498510336,0.06608972843481577,0.9380190373500686,2.95326262478416,0.3404143853922589,0.8758346169776781
116,2.8320755338390855,0.04094474051202315,0.8852905234823982,5.787973514971476,2.8381915915707925,1.0766499453865266,2.9758935000507543,-0.4302395043854349,1.3394711137701063
117,1.2399743240762628,0.06925040110656615,0.9216433505856845,4.741849729506969,2.20485418174838,0.5141089719009296,1.2597178619580847,-0.7169985626113128,5.161011616048739
118,1.666308003288706,0.05306418646988324,0.06927796360770404,3.8872852275217133,1.2197028118419435,0.6499253421810284,1.6952599851622763,-1.6649492971912194,1.1871800701741861
119,1.3326491013816146,0.05194323044190567,0.7834502163427586,4.770175446375755,0.1604192000742926,0.8837217447848464,2.105788320957573,0.4179813770265455,3.016897601837562
120,0.9287226547108984,0.04379003138893306,0.7096973497358925,1.4539823749655771,0.3378928222860246,0.08622643313994965,2.9023155118009702,0.5979530021657035,5.805511217066492
121,0.7985388691900388,0.062236397643781534,0.3485472814224956,3.1488064434507463,0.7262894939105977,0.5835104383102484,1.6352960484163632,1.5556487562702532,1.916340892909365
122,1.1945659614114714,0.01730859360375034,0.0621794186157321,4.529813772652181,1.5057251299292895,0.5980462842307099,1.4419140618161426,-1.0244711609853487,0.4221239814726707
123,0.46146510327100754,0.07005461815558925,0.6787304612739853,3.399776539941703,0.16364201063347095,-0.4308452934720042,1.429873921012605,0.20653580088845722,1.4389204080009177
124,1.1923466046433695,0.051064419477996566,0.7644391207793977,2.765260439619479,1.6743438139439455,0.9261585403595154,2.076294016672697,-0.8390885346290324,0.49015888848592404
125,1.5689402553669862,0.046649041579683984,0.935972304241174,0.7530853619430805,0.04454964943674536,0.6279792112522682,2.1850275799580583,1.2158456784329874,3.3774356525571867
126,1.596059836642683,0.015148794286327054,0.6682698369729498,4.832489526420647,1.249969058649308,1.088447657804931,3.360530265506995,0.4905718142335436,2.5542654742870203
127,1.8340203231579828,0.104842996306488,0.8799450053043245,1.5141916429898503,0.035566378136503124,1.3576393453919346,2.5056726971556897,0.23791623170711457,1.4690113594623035
128,0.5443394280524829,0.056552867026506665,0.7193165163446349,1.3645020628702937,0.3186150062621391,0.4020752767361211,2.0385084341716126,1.6281816771946767,0.4179133647231651
129,1.713493873171184,0.026720760907879653,0.7844404380513132,5.531727324311503,1.2660521220599972,1.2863263935834306,3.111534629929391,0.2834216157194284,1.6356142068663873
130,1.388275240373573,0.013593736072672568,0.46524359570578344,4.407342391869836,0.6132734854543542,1.3650726767756813,3.022487180215912,0.6913459683365597,1.0861912666929372
131,0.27369306478594824,0.049240776765108275,0.7111003645062746,3.725025056526101,0.21784388324572504,0.8092866395318552,2.70110241212924,-1.8324260307394722,4.937202338224946
132,1.0110003834976578,0.04956880906947681,0.7828726895830178,4.276203255862472,0.5250080581541781,0.8892094380108015,3.0266676217059505,2.0573715974590394,3.5759664260832396
133,0.9065567994170358,0.06633711508187513,0.12416897582837948,4.334507159281892,0.9047068061770844,0.18813304965154698,1.4283171453684695,-0.19691119103077598,1.5434435976251693
134,1.148011953022313,0.0669863047047482,0.8214229081693416,3.0812640853464353,0.16876816917648158,1.033080686620007,2.5180397956117817,1.7700075281478418,0.611866499110576
135,0.5023497971930632,0.0896364546190571,0.7782448449286552,2.2500700688181765,0.03886580711033234,0.9125950352369714,0.6274379986657637,0.24430802585069947,0.7283576697799412
136,1.634350448971225,0.05108793916939522,0.8995528682287393,2.0948400774140774,0.7012590383751146,0.8632522317525917,1.93420131208197,-0.8764676325264921,5.61027932850371
137,0.5165922928781959,0.08808439827402012,0.8617515306484168,4.330456639964275,0.4362207776070426,0.8027873661342391,1.919613134055592,0.8329850286512301,5.660677753839712
138,1.4468069804913997,0.023840797482817616,0.8263029860510116,5.344840734630952,2.613285348414722,0.9179238798701062,1.8975976405544261,-0.257471619215693,3.335408753738422
139,1.1233129899102612,0.04716228362099043,0.8073917834038229,4.356963006992874,0.40992807902717454,0.9293141391292405,2.7682025847420233,1.863749456167013,3.111272378687632
140,0.608643520013559,0.01999774194027828,0.34279827653226375,3.5214156603908835,0.521103835095752,0.5621199798141285,2.9902169507481906,0.17091727501954335,0.12634409260619123
141,0.898401951205968,0.03216340381052348,0.040996894816895925,4.143360423813123,0.7076259565153767,0.5809802628926966,2.5847099017141666,0.15471805532192157,3.462047796872591
142,1.3999093255133759,0.051800110445954325,0.3768458080930177,2.8335448092236595,0.2830760806153516,1.3885765389201044,2.0441483911414142,0.24902292616197227,3.557494666104904
143,2.931366500069897,0.06337068220613123,0.08697063766553831,1.3221158840805893,1.0942042975327588,0.4846051589560768,2.4752617797462637,-1.007207888021181,2.396467508835242
144,0.785794436523602,0.03444900121506529,0.797902894519377,1.8165993680665018,0.4700683285637505,0.9399565495890685,2.133082884588089,1.4972244335875373,0.6891320124547604
145,1.5483277349782454,0.04800227550970272,0.8264176510075103,5.38935835389536,0.0392020093951833,0.7619636215013482,2.154355108414326,0.11714990443757067,1.239849650562121
146,1.4310249219631324,0.10864843284139328,0.05423264556408663,3.8510634586499113,0.502809116918318,0.46357384409644775,2.049901634021912,0.4972601978028507,2.3141717025979545
147,2.0198103598041275,0.06720215451807693,0.9246366214649957,1.6041055812202112,0.02076487661375963,0.9688267370811445,2.2821819956587706,0.3265968856011263,1.4986554285295006
148,1.0619287202031837,0.0496523353812679,0.7859216458832388,4.356461353743347,0.47523843396251875,0.9402909721717765,2.8982077319579846,2.0244429976376,3.693216871041775
149,0.5240595962996186,0.03297544689037521,0.577125080208403,3.459228033089989,0.7042265496779903,0.5703713088426177,2.0051330937774616,-0.16737845181489217,6.536643128715383
150,1.7332289363559603,0.08592280650590121,0.6024299906054911,3.143371831969148,2.3221159509466096,0.7250311398609801,1.8428724483959495,0.7054831129608166,1.638883297362236
151,1.298235416839431,0.017540949295375703,0.7781872030763217,5.618087830742046,2.823779927254221,1.017332097548968,1.7146806819454676,0.21205273492555105,2.0175475026373664
152,1.9226200372873126,0.04903897626205629,0.8875395455351316,5.194698302898312,0.12087611921293946,0.9824935623506401,2.7569147750031417,0.5670056938470371,1.0569407204461876
153,0.7013693777453032,0.18246558752682257,0.49462155061602164,3.9933253240257676,1.0285610443627875,0.8136067622684036,1.5146811676910823,1.3249077358860384,4.108580568175407
154,0.43037676529539437,0.0788462004301875,0.4465147111109167,3.082450756944301,0.8243768777605405,0.29920408952553673,4.651166962304793,0.48847804226511277,2.1145825196324686
155,1.9613911127604198,0.026818758256435114,0.6111228489864711,5.020334952400246,0.9431901134074836,0.8872599378949948,3.9147830961722336,0.1821490527742367,3.3407295358111497
156,2.422899632728412,0.039503614879175974,0.6333051853887508,4.015148304964269,0.3779812539578102,1.2915994956676924,2.857884608776941,-0.18477584847473194,1.0684776533185656
157,1.5969497918205033,0.06307403743613488,0.8730787957955843,4.837015279675465,0.9421808305662351,0.7433321544409185,3.664751360801327,0.6261806724426117,4.87984222394965
158,1.8251384313857948,0.04899971885043634,0.9057174732334483,1.7832022660491402,0.029855098825209654,1.2508481369359443,1.7167771527659468,0.6792997539031855,1.7846433367052332
159,1.8772482534853814,0.02712974055844301,0.9553999632746495,0.898920515490095,1.1151518561238225,0.036790474363146745,1.2809384366512437,0.12567515618222816,1.3238987009243697
160,0.918837587752549,0.07210056650206634,0.8774967480488307,5.257065660624535,0.11797954411381173,1.1121475079647531,1.2118165118292321,0.16985226822573146,6.331481543934375
161,0.7394988833328229,0.04784185646747842,0.7337642391453554,4.211326300101312,0.3944596152643922,0.628670659784488,1.7510038550944707,1.1139171418859166,4.261062487729136
162,0.4575160155964964,0.016223434910231097,0.4936057764146997,4.332999814176531,0.6450997513357171,-0.0012476695825263603,1.9730710197933095,-1.0390176111297,2.9081257822438715
