study,model,sub,npar,loglik,lme,bic,n_obs
study2,MBMC,sub-001.csv,9,-22.07039840771879,-22.07039840771879,90.87740847344948,180
study2,MBMC,sub-002.csv,9,-2.8390942339213407,-2.8390942339213407,52.414800125854576,180
study2,MBMC,sub-003.csv,9,-16.664517791821616,-16.664517791821616,80.06564724165513,180
study2,MBMC,sub-004.csv,9,-7.661592576737639,-7.661592576737639,62.059796811487175,180
study2,MBMC,sub-005.csv,9,-9.465858204003972,-9.465858204003972,65.66832806601984,180
study2,MBMC,sub-006.csv,9,-6.213398781897697,-6.213398781897697,59.163409221807285,180
study2,MBMC,sub-007.csv,9,-12.10124998408328,-12.10124998408328,70.93911162617846,180
study2,MBMC,sub-011.csv,9,-11.098754129282138,-11.098754129282138,68.93411991657618,180
study2,MBMC,sub-012.csv,9,-0.4379160301945062,-0.4379160301945062,47.61244371840091,180
study2,MBMC,sub-013.csv,9,-0.45112755850877384,-0.45112755850877384,47.63886677502944,180
study2,MBMC,sub-008.csv,9,-11.443174227320226,-11.443174227320226,69.62296011265235,180
study2,MBMC,sub-014.csv,9,-7.70338008855942,-7.70338008855942,62.143371835130736,180
study2,MBMC,sub-015.csv,9,-5.6345561320924045,-5.6345561320924045,58.00572392219671,180
study2,MBMC,sub-016.csv,9,-20.150653926866994,-20.150653926866994,87.03791951174588,180
study2,MBMC,sub-017.csv,9,-27.610009372918064,-27.610009372918064,101.95663040384802,180
study2,MBMC,sub-018.csv,9,-43.18355206137748,-43.18355206137748,133.10371578076686,180
study2,MBMC,sub-019.csv,9,-72.19391427221417,-72.19391427221417,191.12444020244024,180
study2,MBMC,sub-020.csv,9,-5.164682560282451,-5.164682560282451,57.0659767785768,180
study2,MBMC,sub-021.csv,9,-20.786814928973236,-20.786814928973236,88.31024151595837,180
study2,MBMC,sub-009.csv,9,-0.3114672652136346,-0.3114672652136346,47.35954618843917,180
study2,MBMC,sub-010.csv,9,-28.053654230549547,-28.053654230549547,102.84392011911099,180
study2,MBMC,sub-022.csv,9,-14.059172800025502,-14.059172800025502,74.8549572580629,180
study2,MBMC,sub-023.csv,9,-21.29265194717009,-21.29265194717009,89.32191555235207,180
study2,MBMC,sub-024.csv,9,-20.300910805789233,-20.300910805789233,87.33843326959035,180
study2,MBMC,sub-025.csv,9,-31.23883353077061,-31.23883353077061,109.2142787195531,180
study2,MBMC,sub-026.csv,9,-2.880178950744285,-2.880178950744285,52.496969559500464,180
study2,MBMC,sub-027.csv,9,-15.794143252004655,-15.794143252004655,78.32489816202121,180
study2,MBMC,sub-028.csv,9,-21.09239847499744,-21.09239847499744,88.92140860800677,180
study2,MBMC,sub-029.csv,9,-0.4431529930357041,-0.4431529930357041,47.6229176440833,180
study2,MBMC,sub-030.csv,9,-96.17509895468098,-96.17509895468098,239.08680956737385,180
study2,MBMC,sub-031.csv,9,-44.054513276862295,-44.054513276862295,134.84563821173649,180
study2,MBMC,sub-032.csv,9,-35.89711691390987,-35.89711691390987,118.53084548583163,180
study2,MBMC,sub-033.csv,9,-24.368828493905195,-24.368828493905195,95.47426864582229,180
study2,MBMC,sub-034.csv,9,-0.4396278079436296,-0.4396278079436296,47.615867273899156,180
study2,MBMC,sub-035.csv,9,-85.75846803282778,-85.75846803282778,218.25354772366745,180
study2,MBMC,sub-036.csv,9,-37.87805900166042,-37.87805900166042,122.49272966133273,180
study2,MBMC,sub-037.csv,9,-19.52256493781835,-19.52256493781835,85.78174153364859,180
study2,MBMC,sub-038.csv,9,-23.82495691083646,-23.82495691083646,94.38652547968482,180
study2,MBMC,sub-039.csv,9,-71.87782625326183,-71.87782625326183,190.49226416453556,180
study2,MBMC,sub-040.csv,9,-104.22603667456805,-104.22603667456805,255.188685007148,180
study2,MBMC,sub-041.csv,9,-6.0203535589203145,-6.0203535589203145,58.77731877585252,180
study2,MBMC,sub-042.csv,9,-15.638968093182234,-15.638968093182234,78.01454784437637,180
study2,MBMC,sub-043.csv,9,-10.218160799776813,-10.218160799776813,67.17293325756552,180
study2,MBMC,sub-044.csv,9,-24.40467284811934,-24.40467284811934,95.54595735425058,180
study2,MBMC,sub-045.csv,9,-41.172321588814704,-41.172321588814704,129.0812548356413,180
study2,MBMC,sub-046.csv,9,-21.122875861147328,-21.122875861147328,88.98236338030655,180
study2,MBMC,sub-047.csv,9,-58.55352576009096,-58.55352576009096,163.84366317819382,180
study2,MBMC,sub-048.csv,9,-0.4331298985414009,-0.4331298985414009,47.6028714550947,180
study2,MBMC,sub-049.csv,9,-58.183701766386875,-58.183701766386875,163.10401519078565,180
study2,MBMC,sub-050.csv,9,-63.85743892833122,-63.85743892833122,174.45148951467434,180
study2,MBMC,sub-051.csv,9,-19.293262816807776,-19.293262816807776,85.32313729162745,180
study2,MBMC,sub-052.csv,9,-64.97712026981974,-64.97712026981974,176.69085219765137,180
study2,MBMC,sub-053.csv,9,-27.581890436537183,-27.581890436537183,101.90039253108625,180
study2,MBMC,sub-054.csv,9,-0.8511335538269695,-0.8511335538269695,48.438878765665834,180
study2,MBMC,sub-055.csv,9,-0.45933053675879437,-0.45933053675879437,47.655272731529486,180
study2,MBMC,sub-056.csv,9,-62.022465192521096,-62.022465192521096,170.7815420430541,180
study2,MBMC,sub-057.csv,9,-5.760151559268991,-5.760151559268991,58.25691477654988,180
study2,MBMC,sub-058.csv,9,-18.216636310996627,-18.216636310996627,83.16988428000515,180
study2,MBMC,sub-059.csv,9,-7.898131104561233,-7.898131104561233,62.53287386713436,180
study2,MBMC,sub-060.csv,9,-55.53118564664783,-55.53118564664783,157.79898295130755,180
study2,MBMC,sub-061.csv,9,-35.45589400717132,-35.45589400717132,117.64839967235453,180
study2,MBMC,sub-062.csv,9,-0.4363821126519309,-0.4363821126519309,47.60937588331576,180
study2,MBMC,sub-063.csv,9,-57.66356241164785,-57.66356241164785,162.06373648130761,180
study2,MBMC,sub-064.csv,9,-74.29946473291973,-74.29946473291973,195.33554112385136,180
study2,MBMC,sub-065.csv,9,-0.4484211261358502,-0.4484211261358502,47.6334539102836,180
study2,MBMC,sub-066.csv,9,-48.3548659569704,-48.3548659569704,143.4463435719527,180
study2,MBMC,sub-067.csv,9,-0.44590935610328863,-0.44590935610328863,47.628430370218474,180
study2,MBMC,sub-068.csv,9,-29.996082683950615,-29.996082683950615,106.72877702591313,180
study2,MBMC,sub-069.csv,9,-21.463979265619805,-21.463979265619805,89.6645701892515,180
study2,MBMC,sub-070.csv,9,-46.2143207476269,-46.2143207476269,139.1652531532657,180
study2,MBMC,sub-071.csv,9,-53.260538304660436,-53.260538304660436,153.25768826733275,180
study2,MBMC,sub-072.csv,9,-57.6911151944675,-57.6911151944675,162.1188420469469,180
study2,MBMC,sub-073.csv,9,-9.581454889139886,-9.581454889139886,65.89952143629166,180
study2,MBMC,sub-074.csv,9,-80.14625989212003,-80.14625989212003,207.02913144225195,180
study2,MBMC,sub-075.csv,9,-0.24899192376410834,-0.24899192376410834,47.23459550554011,180
study2,MBMC,sub-076.csv,9,-5.569055635384501,-5.569055635384501,57.8747229287809,180
study2,MBMC,sub-077.csv,9,-46.13999671774829,-46.13999671774829,139.01660509350847,180
study2,MBMC,sub-078.csv,9,-45.11510060221833,-45.11510060221833,136.96681286244853,180
study2,MBMC,sub-079.csv,9,-92.56721461168291,-92.56721461168291,231.87104088137772,180
study2,MBMC,sub-080.csv,9,-15.035698278659039,-15.035698278659039,76.80800821532998,180
study2,MBMC,sub-081.csv,9,-45.39616652386731,-45.39616652386731,137.5289447057465,180
study2,MBMC,sub-082.csv,9,-27.09786700690619,-27.09786700690619,100.93234567182427,180
study2,MBMC,sub-083.csv,9,-74.34135795159008,-74.34135795159008,195.41932756119206,180
study2,MBMC,sub-084.csv,9,-10.597905475370588,-10.597905475370588,67.93242260875307,180
study2,MBMC,sub-085.csv,9,-47.940226763948424,-47.940226763948424,142.61706518590876,180
study2,MBMC,sub-086.csv,9,-23.755254103171758,-23.755254103171758,94.24711986435541,180
study2,MBMC,sub-087.csv,9,-8.968685417096552,-8.968685417096552,64.673982492205,180
study2,MBMC,sub-088.csv,9,-6.157264514347436,-6.157264514347436,59.051140686706766,180
study2,MBMC,sub-089.csv,9,-98.40402858684585,-98.40402858684585,243.5446688317036,180
study2,MBMC,sub-090.csv,9,-23.802493460656418,-23.802493460656418,94.34159857932474,180
study2,MBMC,sub-091.csv,9,-0.4372538906081925,-0.4372538906081925,47.61111943922828,180
study2,MBMC,sub-092.csv,9,-0.43655410451747806,-0.43655410451747806,47.60971986704685,180
study2,MBMC,sub-093.csv,9,-0.4382224309115521,-0.4382224309115521,47.613056519835,180
study2,MBMC,sub-094.csv,9,-81.46420662787031,-81.46420662787031,209.66502491375252,180
study2,MBMC,sub-095.csv,9,-16.342628367008338,-16.342628367008338,79.42186839202857,180
study2,MBMC,sub-096.csv,9,-28.034605569197772,-28.034605569197772,102.80582279640744,180
study2,MBMC,sub-097.csv,9,-59.606768048503575,-59.606768048503575,165.95014775501903,180
study2,MBMC,sub-098.csv,9,-15.498554273858884,-15.498554273858884,77.73372020572967,180
study2,MBMC,sub-099.csv,9,-45.44974898398576,-45.44974898398576,137.6361096259834,180
study2,MBMC,sub-100.csv,9,-11.151919287732651,-11.151919287732651,69.0404502334772,180
study2,MBMC,sub-101.csv,9,-46.73895777638987,-46.73895777638987,140.21452721079163,180
study2,MBMC,sub-102.csv,9,-0.4453560897850275,-0.4453560897850275,47.62732383758195,180
study2,MBMC,sub-103.csv,9,-7.498950496517353,-7.498950496517353,61.7345126510466,180
study2,MBMC,sub-104.csv,9,-29.13827504771185,-29.13827504771185,105.0131617534356,180
study2,MBMC,sub-105.csv,9,-8.664521614148965,-8.664521614148965,64.06565488630983,180
study2,MBMC,sub-106.csv,9,-13.108999947028813,-13.108999947028813,72.95461155206952,180
study2,MBMC,sub-107.csv,9,-10.893814455134924,-10.893814455134924,68.52424056828174,180
study2,MBMC,sub-108.csv,9,-6.878029448032481,-6.878029448032481,60.49267055407686,180
study2,MBMC,sub-109.csv,9,-47.29107108434446,-47.29107108434446,141.3187538267008,180
study2,MBMC,sub-110.csv,9,-44.12925095397996,-44.12925095397996,134.99511356597182,180
study2,MBMC,sub-111.csv,9,-3.8337093791384143,-3.8337093791384143,54.40403041628873,180
study2,MBMC,sub-112.csv,9,-38.340211341424656,-38.340211341424656,123.4170343408612,180
study2,MBMC,sub-113.csv,9,-34.46886427026828,-34.46886427026828,115.67434019854845,180
study2,MBMC,sub-114.csv,9,-17.71478196653888,-17.71478196653888,82.16617559108965,180
study2,MBMC,sub-115.csv,9,-54.81168713494601,-54.81168713494601,156.35998592790392,180
study2,MBMC,sub-116.csv,9,-0.867745246806811,-0.867745246806811,48.47210215162552,180
study2,MBMC,sub-117.csv,9,-0.3068024088331255,-0.3068024088331255,47.350216475678145,180
study2,MBMC,sub-118.csv,9,-19.5838918051971,-19.5838918051971,85.90439526840609,180
study2,MBMC,sub-119.csv,9,-15.065650449571905,-15.065650449571905,76.8679125571557,180
study2,MBMC,sub-120.csv,9,-8.905105326227426,-8.905105326227426,64.54682231046675,180
study2,MBMC,sub-121.csv,9,-26.07367086703919,-26.07367086703919,98.88395339209028,180
study2,MBMC,sub-122.csv,9,-30.1088760026109,-30.1088760026109,106.95436366323369,180
study2,MBMC,sub-123.csv,9,-35.90283636706264,-35.90283636706264,118.54228439213718,180
study2,MBMC,sub-124.csv,9,-78.06505154840676,-78.06505154840676,202.8667147548254,180
study2,MBMC,sub-125.csv,9,-31.219024067882017,-31.219024067882017,109.17465979377593,180
study2,MBMC,sub-126.csv,9,-20.310196133653672,-20.310196133653672,87.35700392531925,180
study2,MBMC,sub-127.csv,9,-8.293461851588503,-8.293461851588503,63.3235353611889,180
study2,MBMC,sub-128.csv,9,-12.260216673377553,-12.260216673377553,71.25704500476701,180
study2,MBMC,sub-129.csv,9,-32.259239184461116,-32.259239184461116,111.25509002693413,180
study2,MBMC,sub-130.csv,9,-14.943811018425945,-14.943811018425945,76.62423369486379,180
study2,MBMC,sub-131.csv,9,-10.862584879678474,-10.862584879678474,68.46178141736884,180
study2,MBMC,sub-132.csv,9,-37.510140764788474,-37.510140764788474,121.75689318758884,180
study2,MBMC,sub-133.csv,9,-0.5194989314587352,-0.5194989314587352,47.775609520929365,180
study2,MBMC,sub-134.csv,9,-78.74245601779812,-78.74245601779812,204.22152369360813,180
study2,MBMC,sub-135.csv,9,-11.214663092923587,-11.214663092923587,69.16593784385907,180
study2,MBMC,sub-136.csv,9,-79.73714667297747,-79.73714667297747,206.21090500396684,180
study2,MBMC,sub-137.csv,9,-17.0453721454891,-17.0453721454891,80.82735594899009,180
study2,MBMC,sub-138.csv,9,-18.1142366308828,-18.1142366308828,82.9650849197775,180
study2,MBMC,sub-139.csv,9,-15.111422600228938,-15.111422600228938,76.95945685846976,180
study2,MBMC,sub-140.csv,9,-0.4820162225433008,-0.4820162225433008,47.7006441030985,180
study2,MBMC,sub-141.csv,9,-61.027257388022015,-61.027257388022015,168.7911264340559,180
study2,MBMC,sub-142.csv,9,-49.586390361652256,-49.586390361652256,145.90939238131642,180
study2,MBMC,sub-143.csv,9,-31.202671870154123,-31.202671870154123,109.14195539832014,180
study2,MBMC,sub-144.csv,9,-6.051485686649492,-6.051485686649492,58.83958303131088,180
study2,MBMC,sub-145.csv,9,-18.091509311062083,-18.091509311062083,82.91963028013606,180
study2,MBMC,sub-146.csv,9,-9.609253699095767,-9.609253699095767,65.95511905620343,180
study2,MBMC,sub-147.csv,9,-53.322667087498274,-53.322667087498274,153.38194583300844,180
study2,MBMC,sub-148.csv,9,-7.73106015537561,-7.73106015537561,62.19873196876311,180
study2,MBMC,sub-149.csv,9,-0.4746379377456072,-0.4746379377456072,47.68588753350311,180
study2,MBMC,sub-150.csv,9,-43.795553262607775,-43.795553262607775,134.32771818322743,180
study2,MBMC,sub-151.csv,9,-32.591732563267435,-32.591732563267435,111.92007678454677,180
study2,MBMC,sub-152.csv,9,-22.897776690715233,-22.897776690715233,92.53216503944236,180
study2,MBMC,sub-153.csv,9,-0.8971589329073307,-0.8971589329073307,48.53092952382656,180
study2,MBMC,sub-154.csv,9,-25.439806960291932,-25.439806960291932,97.61622557859576,180
study2,MBMC,sub-155.csv,9,-22.248254783522626,-22.248254783522626,91.23312122505715,180
study2,MBMC,sub-156.csv,9,-10.417240755514065,-10.417240755514065,67.57109316904003,180
study2,MBMC,sub-157.csv,9,-16.01073041583788,-16.01073041583788,78.75807248968766,180
study2,MBMC,sub-158.csv,9,-9.520943206366344,-9.520943206366344,65.77849807074458,180
study2,MBMC,sub-159.csv,9,-7.289179663404136,-7.289179663404136,61.314970984820164,180
study2,MBMC,sub-160.csv,9,-44.73686832319471,-44.73686832319471,136.21034830440132,180
study2,MBMC,sub-161.csv,9,-11.993353597979368,-11.993353597979368,70.72331885397062,180
study2,MBMC,sub-162.csv,9,-11.284462914510469,-11.284462914510469,69.30553748703284,180
study2,MBMC,sub-163.csv,9,-58.270958326505365,-58.270958326505365,163.27852831102263,180
study2,SR,sub-001.csv,2,-49.35151773649008,-49.35151773649008,109.08894917476059,180
study2,SR,sub-002.csv,2,-5.479215351960568,-5.479215351960568,21.344344405701555,180
study2,SR,sub-003.csv,2,-32.06379870054161,-32.06379870054161,74.51351110286365,180
study2,SR,sub-004.csv,2,-47.63645842325286,-47.63645842325286,105.65883054828615,180
study2,SR,sub-005.csv,2,-38.911630480287045,-38.911630480287045,88.20917466235451,180
study2,SR,sub-006.csv,2,-45.985022722118266,-45.985022722118266,102.35595914601696,180
study2,SR,sub-007.csv,2,-54.1230718437684,-54.1230718437684,118.63205738931723,180
study2,SR,sub-011.csv,2,-23.167240260343654,-23.167240260343654,56.72039422246773,180
study2,SR,sub-012.csv,2,-0.7280033799773022,-0.7280033799773022,11.841920461735025,180
study2,SR,sub-013.csv,2,-0.7280052769069023,-0.7280052769069023,11.841924255594225,180
study2,SR,sub-008.csv,2,-58.3392103328132,-58.3392103328132,127.06433436740683,180
study2,SR,sub-014.csv,2,-17.680313851113294,-17.680313851113294,45.746541404007004,180
study2,SR,sub-015.csv,2,-16.032185864710083,-16.032185864710083,42.450285431200584,180
study2,SR,sub-016.csv,2,-46.43710571906479,-46.43710571906479,103.26012513991,180
study2,SR,sub-017.csv,2,-33.819666531168515,-33.819666531168515,78.02524676411745,180
study2,SR,sub-018.csv,2,-61.804459869638514,-61.804459869638514,133.99483344105744,180
study2,SR,sub-019.csv,2,-95.86189779940075,-95.86189779940075,202.10970930058193,180
study2,SR,sub-020.csv,2,-43.00732364127067,-43.00732364127067,96.40056098432177,180
study2,SR,sub-021.csv,2,-37.092909843339484,-37.092909843339484,84.57173338845939,180
study2,SR,sub-009.csv,2,-0.7998533362694018,-0.7998533362694018,11.985620374319225,180
study2,SR,sub-010.csv,2,-41.34297886944951,-41.34297886944951,93.07187144067944,180
study2,SR,sub-022.csv,2,-20.61777720037462,-20.61777720037462,51.62146810252966,180
study2,SR,sub-023.csv,2,-50.76845704391179,-50.76845704391179,111.922827789604,180
study2,SR,sub-024.csv,2,-44.44527247304466,-44.44527247304466,99.27645864786975,180
study2,SR,sub-025.csv,2,-52.22635024460875,-52.22635024460875,114.83861419099793,180
study2,SR,sub-026.csv,2,-5.339982909851595,-5.339982909851595,21.06587952148361,180
study2,SR,sub-027.csv,2,-38.09106791673858,-38.09106791673858,86.56804953525759,180
study2,SR,sub-028.csv,2,-51.32932552077425,-51.32932552077425,113.04456474332892,180
study2,SR,sub-029.csv,2,-0.7321236263113171,-0.7321236263113171,11.850160954403055,180
study2,SR,sub-030.csv,2,-108.03959887168499,-108.03959887168499,226.4651114451504,180
study2,SR,sub-031.csv,2,-49.83466267771281,-49.83466267771281,110.05523905720604,180
study2,SR,sub-032.csv,2,-68.27545564087083,-68.27545564087083,146.9368249835221,180
study2,SR,sub-033.csv,2,-32.11297976707665,-32.11297976707665,74.61187323593373,180
study2,SR,sub-034.csv,2,-0.7280054714725459,-0.7280054714725459,11.841924644725513,180
study2,SR,sub-035.csv,2,-104.47208583212901,-104.47208583212901,219.33008536603845,180
study2,SR,sub-036.csv,2,-118.68225239224056,-118.68225239224056,247.75041848626154,180
study2,SR,sub-037.csv,2,-29.239404595735355,-29.239404595735355,68.86472289325113,180
study2,SR,sub-038.csv,2,-44.91044114814336,-44.91044114814336,100.20679599806715,180
study2,SR,sub-039.csv,2,-86.82753725246792,-86.82753725246792,184.04098820671626,180
study2,SR,sub-040.csv,2,-112.14979150771748,-112.14979150771748,234.6854967172154,180
study2,SR,sub-041.csv,2,-31.422654150401392,-31.422654150401392,73.23122200258321,180
study2,SR,sub-042.csv,2,-45.41696754790453,-45.41696754790453,101.21984879758948,180
study2,SR,sub-043.csv,2,-42.21579479389217,-42.21579479389217,94.81750328956477,180
study2,SR,sub-044.csv,2,-44.479292527420064,-44.479292527420064,99.34449875662055,180
study2,SR,sub-045.csv,2,-97.37632418887024,-97.37632418887024,205.1385620795209,180
study2,SR,sub-046.csv,2,-37.31028939726967,-37.31028939726967,85.00649249631977,180
study2,SR,sub-047.csv,2,-86.75573108500913,-86.75573108500913,183.8973758717987,180
study2,SR,sub-048.csv,2,-0.7280047767854114,-0.7280047767854114,11.841923255351244,180
study2,SR,sub-049.csv,2,-91.31661852836555,-91.31661852836555,193.01915075851153,180
study2,SR,sub-050.csv,2,-82.13736770207107,-82.13736770207107,174.66064910592257,180
study2,SR,sub-051.csv,2,-56.14199732628992,-56.14199732628992,122.66990835436026,180
study2,SR,sub-052.csv,2,-97.85483832013581,-97.85483832013581,206.09559034205205,180
study2,SR,sub-053.csv,2,-117.40108570839422,-117.40108570839422,245.18808511856886,180
study2,SR,sub-054.csv,2,-15.06505311784509,-15.06505311784509,40.5160199374706,180
study2,SR,sub-055.csv,2,-0.7300810638598891,-0.7300810638598891,11.846075829500199,180
study2,SR,sub-056.csv,2,-121.35414150681325,-121.35414150681325,253.09419671540692,180
study2,SR,sub-057.csv,2,-47.34101126003667,-47.34101126003667,105.06793622185377,180
study2,SR,sub-058.csv,2,-42.89575884564107,-42.89575884564107,96.17743139306256,180
study2,SR,sub-059.csv,2,-62.18403940366602,-62.18403940366602,134.75399250911246,180
study2,SR,sub-060.csv,2,-76.96644407956074,-76.96644407956074,164.3188018609019,180
study2,SR,sub-061.csv,2,-71.42847922339651,-71.42847922339651,153.24287214857344,180
study2,SR,sub-062.csv,2,-0.7321183798572761,-0.7321183798572761,11.850150461494973,180
study2,SR,sub-063.csv,2,-96.04465082650381,-96.04465082650381,202.47521535478805,180
study2,SR,sub-064.csv,2,-103.89019224196049,-103.89019224196049,218.1662981857014,180
study2,SR,sub-065.csv,2,-0.7280024365736182,-0.7280024365736182,11.841918574927657,180
study2,SR,sub-066.csv,2,-92.27950775114391,-92.27950775114391,194.94492920406825,180
study2,SR,sub-067.csv,2,-0.7280079373426496,-0.7280079373426496,11.84192957646572,180
study2,SR,sub-068.csv,2,-42.69969528530147,-42.69969528530147,95.78530427238337,180
study2,SR,sub-069.csv,2,-52.02867241261386,-52.02867241261386,114.44325852700814,180
study2,SR,sub-070.csv,2,-56.657241550773065,-56.657241550773065,123.70039680332656,180
study2,SR,sub-071.csv,2,-86.99754824710871,-86.99754824710871,184.38101019599785,180
study2,SR,sub-072.csv,2,-83.72794525486424,-83.72794525486424,177.8418042115089,180
study2,SR,sub-073.csv,2,-21.329305781284546,-21.329305781284546,53.04452526434952,180
study2,SR,sub-074.csv,2,-95.66946648282328,-95.66946648282328,201.724846667427,180
study2,SR,sub-075.csv,2,-0.7977849375395556,-0.7977849375395556,11.981483576859532,180
study2,SR,sub-076.csv,2,-6.689586076186568,-6.689586076186568,23.765085854153558,180
study2,SR,sub-077.csv,2,-78.7660230436292,-78.7660230436292,167.91795978903883,180
study2,SR,sub-078.csv,2,-116.23926099300172,-116.23926099300172,242.86443568778387,180
study2,SR,sub-079.csv,2,-108.27279731530245,-108.27279731530245,226.93150833238533,180
study2,SR,sub-080.csv,2,-57.38345118241582,-57.38345118241582,125.15281606661206,180
study2,SR,sub-081.csv,2,-73.1526166339201,-73.1526166339201,156.69114696962063,180
study2,SR,sub-082.csv,2,-45.681510454561796,-45.681510454561796,101.74893461090402,180
study2,SR,sub-083.csv,2,-98.33481701294033,-98.33481701294033,207.0555477276611,180
study2,SR,sub-084.csv,2,-41.94925977835125,-41.94925977835125,94.28443325848292,180
study2,SR,sub-085.csv,2,-69.94816413277005,-69.94816413277005,150.28224196732052,180
study2,SR,sub-086.csv,2,-48.393841684861286,-48.393841684861286,107.173597071503,180
study2,SR,sub-087.csv,2,-48.59270655288813,-48.59270655288813,107.57132680755669,180
study2,SR,sub-088.csv,2,-12.26962292580436,-12.26962292580436,34.925159553389136,180
study2,SR,sub-089.csv,2,-122.10500799670747,-122.10500799670747,254.59592969519537,180
study2,SR,sub-090.csv,2,-60.706755159730456,-60.706755159730456,131.79942402124132,180
study2,SR,sub-091.csv,2,-0.7280066577907185,-0.7280066577907185,11.841927017361858,180
study2,SR,sub-092.csv,2,-0.7321195160917853,-0.7321195160917853,11.850152733963991,180
study2,SR,sub-093.csv,2,-0.7341502870152716,-0.7341502870152716,11.854214275810964,180
study2,SR,sub-094.csv,2,-115.70079409249485,-115.70079409249485,241.78750188677012,180
study2,SR,sub-095.csv,2,-38.72737706020115,-38.72737706020115,87.84066782218272,180
study2,SR,sub-096.csv,2,-39.01433580300025,-39.01433580300025,88.41458530778092,180
study2,SR,sub-097.csv,2,-88.85059156000311,-88.85059156000311,188.08709682178664,180
study2,SR,sub-098.csv,2,-48.60084486178827,-48.60084486178827,107.58760342535696,180
study2,SR,sub-099.csv,2,-92.61071290688422,-92.61071290688422,195.60733951554886,180
study2,SR,sub-100.csv,2,-19.331482795142158,-19.331482795142158,49.04887929206474,180
study2,SR,sub-101.csv,2,-57.774530215605665,-57.774530215605665,125.93497413299175,180
study2,SR,sub-102.csv,2,-0.7280048871599298,-0.7280048871599298,11.84192347610028,180
study2,SR,sub-103.csv,2,-39.47715421358871,-39.47715421358871,89.34022212895785,180
study2,SR,sub-104.csv,2,-44.91984421433374,-44.91984421433374,100.22560213044791,180
study2,SR,sub-105.csv,2,-58.27384022175226,-58.27384022175226,126.93359414528494,180
study2,SR,sub-106.csv,2,-19.197946238548276,-19.197946238548276,48.78180617887698,180
study2,SR,sub-107.csv,2,-17.590069999025474,-17.590069999025474,45.56605369983137,180
study2,SR,sub-108.csv,2,-25.08621873120361,-25.08621873120361,60.55835116418764,180
study2,SR,sub-109.csv,2,-67.12306440526747,-67.12306440526747,144.63204251231537,180
study2,SR,sub-110.csv,2,-59.98759010626709,-59.98759010626709,130.3610939143146,180
study2,SR,sub-111.csv,2,-6.296645334700998,-6.296645334700998,22.97920437118242,180
study2,SR,sub-112.csv,2,-56.81994342998358,-56.81994342998358,124.02580056174759,180
study2,SR,sub-113.csv,2,-52.272174235736806,-52.272174235736806,114.93026217325404,180
study2,SR,sub-114.csv,2,-21.066153984238042,-21.066153984238042,52.51822167025651,180
study2,SR,sub-115.csv,2,-95.82791047679305,-95.82791047679305,202.04173465536653,180
study2,SR,sub-116.csv,2,-8.96641189155654,-8.96641189155654,28.3187374848935,180
study2,SR,sub-117.csv,2,-0.7998546076534379,-0.7998546076534379,11.985622917087296,180
study2,SR,sub-118.csv,2,-36.56169238298169,-36.56169238298169,83.5092984677438,180
study2,SR,sub-119.csv,2,-22.92236886764433,-22.92236886764433,56.230651437069085,180
study2,SR,sub-120.csv,2,-13.668452922119629,-13.668452922119629,37.72281954601968,180
study2,SR,sub-121.csv,2,-60.8661158583804,-60.8661158583804,132.11814541854122,180
study2,SR,sub-122.csv,2,-37.67339215716028,-37.67339215716028,85.73269801610098,180
study2,SR,sub-123.csv,2,-48.10760912178396,-48.10760912178396,106.60113194534834,180
study2,SR,sub-124.csv,2,-94.9184578485587,-94.9184578485587,200.22282939889783,180
study2,SR,sub-125.csv,2,-48.655054303989814,-48.655054303989814,107.69602230976005,180
study2,SR,sub-126.csv,2,-34.25758336653326,-34.25758336653326,78.90108043484695,180
study2,SR,sub-127.csv,2,-37.52411817966599,-37.52411817966599,85.4341500611124,180
study2,SR,sub-128.csv,2,-34.92186343507223,-34.92186343507223,80.22964057192489,180
study2,SR,sub-129.csv,2,-38.916137574064514,-38.916137574064514,88.21818884990945,180
study2,SR,sub-130.csv,2,-43.81157737220449,-43.81157737220449,98.0090684461894,180
study2,SR,sub-131.csv,2,-43.71572315571976,-43.71572315571976,97.81736001321994,180
study2,SR,sub-132.csv,2,-110.71904102365781,-110.71904102365781,231.82399574909604,180
study2,SR,sub-133.csv,2,-0.7474345538584481,-0.7474345538584481,11.880782809497317,180
study2,SR,sub-134.csv,2,-106.398555798131,-106.398555798131,223.18302529804242,180
study2,SR,sub-135.csv,2,-14.596879043070462,-14.596879043070462,39.57967178792134,180
study2,SR,sub-136.csv,2,-92.14361724411539,-92.14361724411539,194.6731481900112,180
study2,SR,sub-137.csv,2,-41.93035527156051,-41.93035527156051,94.24662424490144,180
study2,SR,sub-138.csv,2,-26.26504543956768,-26.26504543956768,62.91600458091578,180
study2,SR,sub-139.csv,2,-37.0286806139775,-37.0286806139775,84.44327492973542,180
study2,SR,sub-140.csv,2,-0.7300842406204264,-0.7300842406204264,11.846082183021274,180
study2,SR,sub-141.csv,2,-118.5363953235205,-118.5363953235205,247.4587043488214,180
study2,SR,sub-142.csv,2,-86.36581541665198,-86.36581541665198,183.1175445350844,180
study2,SR,sub-143.csv,2,-65.06292439549631,-65.06292439549631,140.51176249277304,180
study2,SR,sub-144.csv,2,-10.100940557181993,-10.100940557181993,30.587794816144406,180
study2,SR,sub-145.csv,2,-22.77628399387583,-22.77628399387583,55.93848168953208,180
study2,SR,sub-146.csv,2,-19.60676061937163,-19.60676061937163,49.59943494052368,180
study2,SR,sub-147.csv,2,-91.18240712129511,-91.18240712129511,192.75072794437065,180
study2,SR,sub-148.csv,2,-23.851474804124315,-23.851474804124315,58.088863310029055,180
study2,SR,sub-149.csv,2,-0.7380824817409737,-0.7380824817409737,11.862078665262368,180
study2,SR,sub-150.csv,2,-72.33527976223363,-72.33527976223363,155.05647322624768,180
study2,SR,sub-151.csv,2,-47.366622328942064,-47.366622328942064,105.11915835966455,180
study2,SR,sub-152.csv,2,-34.16083351152665,-34.16083351152665,78.70758072483372,180
study2,SR,sub-153.csv,2,-5.289116368092998,-5.289116368092998,20.964146437966416,180
study2,SR,sub-154.csv,2,-36.02304429061398,-36.02304429061398,82.43200228300839,180
study2,SR,sub-155.csv,2,-77.54369143400217,-77.54369143400217,165.47329656978476,180
study2,SR,sub-156.csv,2,-38.91163158873442,-38.91163158873442,88.20917687924927,180
study2,SR,sub-157.csv,2,-44.9165650442703,-44.9165650442703,100.21904379032102,180
study2,SR,sub-158.csv,2,-39.76410844301239,-39.76410844301239,89.9141305878052,180
study2,SR,sub-159.csv,2,-24.041322346999372,-24.041322346999372,58.46855839577917,180
study2,SR,sub-160.csv,2,-70.63370957753136,-70.63370957753136,151.65333285684315,180
study2,SR,sub-161.csv,2,-24.851912291521696,-24.851912291521696,60.08973828482381,180
study2,SR,sub-162.csv,2,-14.549908022244534,-14.549908022244534,39.485729746269485,180
study2,SR,sub-163.csv,2,-83.21946314717667,-83.21946314717667,176.82483999613376,180
study2,PR,sub-001.csv,2,-51.39453610502944,-51.39453610502944,113.1749859118393,180
study2,PR,sub-002.csv,2,-5.437568484892976,-5.437568484892976,21.261050671566373,180
study2,PR,sub-003.csv,2,-34.450997734968965,-34.450997734968965,79.28790917171835,180
study2,PR,sub-004.csv,2,-46.19441306851355,-46.19441306851355,102.77473983880752,180
study2,PR,sub-005.csv,2,-38.87408458832641,-38.87408458832641,88.13408287843325,180
study2,PR,sub-006.csv,2,-44.368298537839166,-44.368298537839166,99.12251077745876,180
study2,PR,sub-007.csv,2,-52.0792556551372,-52.0792556551372,114.54442501205483,180
study2,PR,sub-011.csv,2,-23.310277392938502,-23.310277392938502,57.00646848765743,180
study2,PR,sub-012.csv,2,-0.7175028668911487,-0.7175028668911487,11.820919435562718,180
study2,PR,sub-013.csv,2,-0.7174947312932467,-0.7174947312932467,11.820903164366914,180
study2,PR,sub-008.csv,2,-58.58315999130719,-58.58315999130719,127.5522336843948,180
study2,PR,sub-014.csv,2,-17.8928022843727,-17.8928022843727,46.17151827052582,180
study2,PR,sub-015.csv,2,-17.815276746984335,-17.815276746984335,46.01646719574909,180
study2,PR,sub-016.csv,2,-40.60383721204643,-40.60383721204643,91.59358812587328,180
study2,PR,sub-017.csv,2,-34.23149595940374,-34.23149595940374,78.8489056205879,180
study2,PR,sub-018.csv,2,-60.23205485324793,-60.23205485324793,130.8500234082763,180
study2,PR,sub-019.csv,2,-100.0140133983272,-100.0140133983272,210.4139404984348,180
study2,PR,sub-020.csv,2,-44.75321532871793,-44.75321532871793,99.89234435921628,180
study2,PR,sub-021.csv,2,-37.04048669004699,-37.04048669004699,84.4668870818744,180
study2,PR,sub-009.csv,2,-0.7568431200646952,-0.7568431200646952,11.89959994190981,180
study2,PR,sub-010.csv,2,-75.38587363588076,-75.38587363588076,161.15766097354194,180
study2,PR,sub-022.csv,2,-19.052417591009746,-19.052417591009746,48.49074888379991,180
study2,PR,sub-023.csv,2,-53.85757454229279,-53.85757454229279,118.101062786366,180
study2,PR,sub-024.csv,2,-46.091203572008425,-46.091203572008425,102.56832084579727,180
study2,PR,sub-025.csv,2,-57.179024770244254,-57.179024770244254,124.74396324226893,180
study2,PR,sub-026.csv,2,-5.298277293851081,-5.298277293851081,20.982468289482583,180
study2,PR,sub-027.csv,2,-22.688626842169434,-22.688626842169434,55.76316738611929,180
study2,PR,sub-028.csv,2,-44.36829848099524,-44.36829848099524,99.12251066377091,180
study2,PR,sub-029.csv,2,-0.721688245184513,-0.721688245184513,11.829290192149447,180
study2,PR,sub-030.csv,2,-113.76651931047567,-113.76651931047567,237.91895232273177,180
study2,PR,sub-031.csv,2,-49.61907585387053,-49.61907585387053,109.62406540952148,180
study2,PR,sub-032.csv,2,-68.97295340628531,-68.97295340628531,148.33182051435105,180
study2,PR,sub-033.csv,2,-29.4850174421332,-29.4850174421332,69.35594858604682,180
study2,PR,sub-034.csv,2,-0.7174940313697675,-0.7174940313697675,11.820901764519956,180
study2,PR,sub-035.csv,2,-113.08719337401452,-113.08719337401452,236.56030044980946,180
study2,PR,sub-036.csv,2,-122.53089323469814,-122.53089323469814,255.4477001711767,180
study2,PR,sub-037.csv,2,-29.205728375328558,-29.205728375328558,68.79737045243753,180
study2,PR,sub-038.csv,2,-45.51308313411628,-45.51308313411628,101.41207997001298,180
study2,PR,sub-039.csv,2,-90.67013324446508,-90.67013324446508,191.72618019071058,180
study2,PR,sub-040.csv,2,-115.83107612477392,-115.83107612477392,242.04806595132825,180
study2,PR,sub-041.csv,2,-31.38797814397261,-31.38797814397261,73.16186998972564,180
study2,PR,sub-042.csv,2,-47.1479806896809,-47.1479806896809,104.68187508114222,180
study2,PR,sub-043.csv,2,-43.97531139091472,-43.97531139091472,98.33653648360986,180
study2,PR,sub-044.csv,2,-44.70212863631381,-44.70212863631381,99.79017097440804,180
study2,PR,sub-045.csv,2,-108.08562431493583,-108.08562431493583,226.55716233165208,180
study2,PR,sub-046.csv,2,-39.952909079359536,-39.952909079359536,90.2917318604995,180
study2,PR,sub-047.csv,2,-92.61580694835958,-92.61580694835958,195.61752759849958,180
study2,PR,sub-048.csv,2,-0.7174938358119043,-0.7174938358119043,11.82090137340423,180
study2,PR,sub-049.csv,2,-100.8245475583356,-100.8245475583356,212.03500881845162,180
study2,PR,sub-050.csv,2,-88.25143661244014,-88.25143661244014,186.8887869266607,180
study2,PR,sub-051.csv,2,-58.761756669787694,-58.761756669787694,127.90942704135581,180
study2,PR,sub-052.csv,2,-97.8301560763876,-97.8301560763876,206.04622585455562,180
study2,PR,sub-053.csv,2,-122.12856385509438,-122.12856385509438,254.6430414119692,180
study2,PR,sub-054.csv,2,-15.011023368359012,-15.011023368359012,40.40796043849845,180
study2,PR,sub-055.csv,2,-0.719613073867615,-0.719613073867615,11.82513984951565,180
study2,PR,sub-056.csv,2,-122.76689291463546,-122.76689291463546,255.91969953105135,180
study2,PR,sub-057.csv,2,-49.049445710476206,-49.049445710476206,108.48480512273284,180
study2,PR,sub-058.csv,2,-42.21868564360513,-42.21868564360513,94.82328498899068,180
study2,PR,sub-059.csv,2,-69.80915614345251,-69.80915614345251,150.00422598868545,180
study2,PR,sub-060.csv,2,-88.46492214667627,-88.46492214667627,187.31575799513297,180
study2,PR,sub-061.csv,2,-88.08924508837418,-88.08924508837418,186.5644038785288,180
study2,PR,sub-062.csv,2,-0.7216837225485744,-0.7216837225485744,11.82928114687757,180
study2,PR,sub-063.csv,2,-115.65877090690523,-115.65877090690523,241.7034555155909,180
study2,PR,sub-064.csv,2,-114.4956378924484,-114.4956378924484,239.37718948667722,180
study2,PR,sub-065.csv,2,-0.7174932501238196,-0.7174932501238196,11.82090020202806,180
study2,PR,sub-066.csv,2,-107.2622856848436,-107.2622856848436,224.91048507146763,180
study2,PR,sub-067.csv,2,-0.7174948118736957,-0.7174948118736957,11.820903325527812,180
study2,PR,sub-068.csv,2,-43.51102739404433,-43.51102739404433,97.40796848986909,180
study2,PR,sub-069.csv,2,-49.38290558934726,-49.38290558934726,109.15172488047494,180
study2,PR,sub-070.csv,2,-62.98489821831841,-62.98489821831841,136.35571013841724,180
study2,PR,sub-071.csv,2,-92.13646693370606,-92.13646693370606,194.65884756919255,180
study2,PR,sub-072.csv,2,-100.72602009533728,-100.72602009533728,211.83795389245498,180
study2,PR,sub-073.csv,2,-17.773392466117738,-17.773392466117738,45.93269863401589,180
study2,PR,sub-074.csv,2,-105.46707584926942,-105.46707584926942,221.32006540031927,180
study2,PR,sub-075.csv,2,-0.7547047193071981,-0.7547047193071981,11.895323140394817,180
study2,PR,sub-076.csv,2,-6.680970481094476,-6.680970481094476,23.74785466396937,180
study2,PR,sub-077.csv,2,-73.75947004734573,-73.75947004734573,157.90485379647188,180
study2,PR,sub-078.csv,2,-118.4483053495979,-118.4483053495979,247.28252440097623,180
study2,PR,sub-079.csv,2,-114.38630036434861,-114.38630036434861,239.15851443047765,180
study2,PR,sub-080.csv,2,-64.69122335604195,-64.69122335604195,139.76836041386431,180
study2,PR,sub-081.csv,2,-80.20019604042581,-80.20019604042581,170.78630578263204,180
study2,PR,sub-082.csv,2,-43.974196361878384,-43.974196361878384,98.33430642553719,180
study2,PR,sub-083.csv,2,-101.87732078195388,-101.87732078195388,214.1405552656882,180
study2,PR,sub-084.csv,2,-41.907047918572374,-41.907047918572374,94.20000953892517,180
study2,PR,sub-085.csv,2,-80.84346168464234,-80.84346168464234,172.0728370710651,180
study2,PR,sub-086.csv,2,-47.06031992554453,-47.06031992554453,104.50655355286949,180
study2,PR,sub-087.csv,2,-53.66944286827209,-53.66944286827209,117.72479943832461,180
study2,PR,sub-088.csv,2,-12.216418711071652,-12.216418711071652,34.818751123923725,180
study2,PR,sub-089.csv,2,-123.64223404388068,-123.64223404388068,257.67038178954175,180
study2,PR,sub-090.csv,2,-60.82102266383869,-60.82102266383869,132.0279590294578,180
study2,PR,sub-091.csv,2,-0.7174946931039017,-0.7174946931039017,11.820903087988224,180
study2,PR,sub-092.csv,2,-0.7216861802613863,-0.7216861802613863,11.829286062303193,180
study2,PR,sub-093.csv,2,-0.7237321486120853,-0.7237321486120853,11.833377999004592,180
study2,PR,sub-094.csv,2,-116.55414469865502,-116.55414469865502,243.49420309909047,180
study2,PR,sub-095.csv,2,-28.266633229020798,-28.266633229020798,66.91918015982202,180
study2,PR,sub-096.csv,2,-72.13411209524325,-72.13411209524325,154.65413789226693,180
study2,PR,sub-097.csv,2,-88.9392533126829,-88.9392533126829,188.2644203271462,180
study2,PR,sub-098.csv,2,-51.986736175870185,-51.986736175870185,114.3593860535208,180
study2,PR,sub-099.csv,2,-99.87571920558452,-99.87571920558452,210.13735211294946,180
study2,PR,sub-100.csv,2,-19.487849319422537,-19.487849319422537,49.3616123406255,180
study2,PR,sub-101.csv,2,-59.21701943762332,-59.21701943762332,128.81995257702707,180
study2,PR,sub-102.csv,2,-0.7174927217633176,-0.7174927217633176,11.820899145307056,180
study2,PR,sub-103.csv,2,-34.344805429011416,-34.344805429011416,79.07552455980326,180
study2,PR,sub-104.csv,2,-43.1569378040486,-43.1569378040486,96.69978930987763,180
study2,PR,sub-105.csv,2,-70.85513700444623,-70.85513700444623,152.0961877106729,180
study2,PR,sub-106.csv,2,-19.07545154575574,-19.07545154575574,48.536816793291905,180
study2,PR,sub-107.csv,2,-17.811427224409165,-17.811427224409165,46.008768150598755,180
study2,PR,sub-108.csv,2,-25.032430951856355,-25.032430951856355,60.450775605493135,180
study2,PR,sub-109.csv,2,-75.3904283334704,-75.3904283334704,161.16677036872122,180
study2,PR,sub-110.csv,2,-63.767047506881894,-63.767047506881894,137.9200087155442,180
study2,PR,sub-111.csv,2,-6.679144492998444,-6.679144492998444,23.74420268777731,180
study2,PR,sub-112.csv,2,-83.3657091670842,-83.3657091670842,177.11733203594883,180
study2,PR,sub-113.csv,2,-57.20805424602659,-57.20805424602659,124.80202219383361,180
study2,PR,sub-114.csv,2,-22.122577826887106,-22.122577826887106,54.63106935555463,180
study2,PR,sub-115.csv,2,-96.49109771260902,-96.49109771260902,203.36810912699846,180
study2,PR,sub-116.csv,2,-8.916285396203007,-8.916285396203007,28.218484494186434,180
study2,PR,sub-117.csv,2,-0.7568419807345269,-0.7568419807345269,11.899597663249475,180
study2,PR,sub-118.csv,2,-24.891547341777358,-24.891547341777358,60.16900838533513,180
study2,PR,sub-119.csv,2,-68.22066448561436,-68.22066448561436,146.82724267300915,180
study2,PR,sub-120.csv,2,-14.663338549978192,-14.663338549978192,39.71259080173681,180
study2,PR,sub-121.csv,2,-63.70221182720618,-63.70221182720618,137.79033735619277,180
study2,PR,sub-122.csv,2,-40.70290877143965,-40.70290877143965,91.79173124465973,180
study2,PR,sub-123.csv,2,-78.0465717851515,-78.0465717851515,166.47905727208342,180
study2,PR,sub-124.csv,2,-98.3055110677536,-98.3055110677536,206.99693583728762,180
study2,PR,sub-125.csv,2,-44.09065060855431,-44.09065060855431,98.56721491888905,180
study2,PR,sub-126.csv,2,-34.436058234099704,-34.436058234099704,79.25803016997983,180
study2,PR,sub-127.csv,2,-37.487289009308384,-37.487289009308384,85.36049172039719,180
study2,PR,sub-128.csv,2,-36.23147672382519,-36.23147672382519,82.8488671494308,180
study2,PR,sub-129.csv,2,-38.6813904486047,-38.6813904486047,87.74869459898983,180
study2,PR,sub-130.csv,2,-43.77300573745072,-43.77300573745072,97.93192517668186,180
study2,PR,sub-131.csv,2,-45.458423797012024,-45.458423797012024,101.30276129580447,180
study2,PR,sub-132.csv,2,-110.1948441222867,-110.1948441222867,230.77560194635382,180
study2,PR,sub-133.csv,2,-0.7372329571137648,-0.7372329571137648,11.86037961600795,180
study2,PR,sub-134.csv,2,-121.0772478728378,-121.0772478728378,252.54040944745603,180
study2,PR,sub-135.csv,2,-14.82557326072706,-14.82557326072706,40.03706022323454,180
study2,PR,sub-136.csv,2,-94.8751807607109,-94.8751807607109,200.13627522320223,180
study2,PR,sub-137.csv,2,-39.50262135757526,-39.50262135757526,89.39115641693094,180
study2,PR,sub-138.csv,2,-26.072392489372938,-26.072392489372938,62.5306986805263,180
study2,PR,sub-139.csv,2,-34.409994738366976,-34.409994738366976,79.20590317851438,180
study2,PR,sub-140.csv,2,-0.7196121638458939,-0.7196121638458939,11.825138029472209,180
study2,PR,sub-141.csv,2,-122.72308442868133,-122.72308442868133,255.8320825591431,180
study2,PR,sub-142.csv,2,-109.07663065964664,-109.07663065964664,228.5391750210737,180
study2,PR,sub-143.csv,2,-73.62801636014456,-73.62801636014456,157.64194642206954,180
study2,PR,sub-144.csv,2,-54.65064210051863,-54.65064210051863,119.68719790281769,180
study2,PR,sub-145.csv,2,-22.977734172462625,-22.977734172462625,56.341382046705675,180
study2,PR,sub-146.csv,2,-20.78882205929947,-20.78882205929947,51.963557820379364,180
study2,PR,sub-147.csv,2,-109.77970460312912,-109.77970460312912,229.94532290803866,180
study2,PR,sub-148.csv,2,-24.993890743251818,-24.993890743251818,60.37369518828406,180
study2,PR,sub-149.csv,2,-0.7277308801373428,-0.7277308801373428,11.841375462055106,180
study2,PR,sub-150.csv,2,-81.57550355872634,-81.57550355872634,173.5369208192331,180
study2,PR,sub-151.csv,2,-49.652811847460924,-49.652811847460924,109.69153739670227,180
study2,PR,sub-152.csv,2,-31.601722107310373,-31.601722107310373,73.58935791640117,180
study2,PR,sub-153.csv,2,-5.247434007841918,-5.247434007841918,20.88078171746426,180
study2,PR,sub-154.csv,2,-37.37291900786205,-37.37291900786205,85.13175171750453,180
study2,PR,sub-155.csv,2,-87.46325082048281,-87.46325082048281,185.31241534274605,180
study2,PR,sub-156.csv,2,-38.874084733964224,-38.874084733964224,88.13408316970887,180
study2,PR,sub-157.csv,2,-46.6376069653014,-46.6376069653014,103.66112763238323,180
study2,PR,sub-158.csv,2,-39.71915933582882,-39.71915933582882,89.82423237343806,180
study2,PR,sub-159.csv,2,-25.138738702547343,-25.138738702547343,60.66339110687511,180
study2,PR,sub-160.csv,2,-70.29938291917442,-70.29938291917442,150.98467954012926,180
study2,PR,sub-161.csv,2,-25.721350673760377,-25.721350673760377,61.82861504930118,180
study2,PR,sub-162.csv,2,-14.78191726345364,-14.78191726345364,39.949748228687696,180
study2,PR,sub-163.csv,2,-74.70426782033013,-74.70426782033013,159.79444934244069,180
study2,CB,sub-001.csv,1,-112.37982793184102,-112.37982793184102,229.95261271457224,180
study2,CB,sub-002.csv,1,-6.3780958769147285,-6.3780958769147285,17.949148604719667,180
study2,CB,sub-003.csv,1,-38.63088877757549,-38.63088877757549,82.4547344060412,180
study2,CB,sub-004.csv,1,-94.07886750513352,-94.07886750513352,193.35069186115723,180
study2,CB,sub-005.csv,1,-94.07886755981228,-94.07886755981228,193.35069197051476,180
study2,CB,sub-006.csv,1,-97.78965647379628,-97.78965647379628,200.77226979848277,180
study2,CB,sub-007.csv,1,-102.3046184040846,-102.3046184040846,209.80219365905938,180
study2,CB,sub-011.csv,1,-26.328547838607918,-26.328547838607918,57.85005252810605,180
study2,CB,sub-012.csv,1,-0.8571860984284463,-0.8571860984284463,6.907329047747103,180
study2,CB,sub-013.csv,1,-0.8571860984284463,-0.8571860984284463,6.907329047747103,180
study2,CB,sub-008.csv,1,-74.33280667383171,-74.33280667383171,153.85857019855362,180
study2,CB,sub-014.csv,1,-19.221623969442337,-19.221623969442337,43.63620478977489,180
study2,CB,sub-015.csv,1,-114.5727027358883,-114.5727027358883,234.3383623226668,180
study2,CB,sub-016.csv,1,-108.20796414560115,-108.20796414560115,221.6088851420925,180
study2,CB,sub-017.csv,1,-121.90690993626713,-121.90690993626713,249.00677672342445,180
study2,CB,sub-018.csv,1,-119.33391032255028,-119.33391032255028,243.86077749599076,180
study2,CB,sub-019.csv,1,-103.3592564945272,-103.3592564945272,211.9114698399446,180
study2,CB,sub-020.csv,1,-98.96376044405409,-98.96376044405409,203.12047773899837,180
study2,CB,sub-021.csv,1,-46.68953941125954,-46.68953941125954,98.57203567340929,180
study2,CB,sub-009.csv,1,-115.25337227498386,-115.25337227498386,235.69970140085792,180
study2,CB,sub-010.csv,1,-105.38253275513703,-105.38253275513703,215.95802236116427,180
study2,CB,sub-022.csv,1,-116.54051385937218,-116.54051385937218,238.27398456963456,180
study2,CB,sub-023.csv,1,-76.0892816994039,-76.0892816994039,157.371520249698,180
study2,CB,sub-024.csv,1,-68.7875746089525,-68.7875746089525,142.7681060687952,180
study2,CB,sub-025.csv,1,-113.13614960110768,-113.13614960110768,231.46525605310555,180
study2,CB,sub-026.csv,1,-6.378096455324677,-6.378096455324677,17.949149761539566,180
study2,CB,sub-027.csv,1,-118.82308661767225,-118.82308661767225,242.8391300862347,180
study2,CB,sub-028.csv,1,-97.78965640722016,-97.78965640722016,200.77226966533053,180
study2,CB,sub-029.csv,1,-0.8571860984284463,-0.8571860984284463,6.907329047747103,180
study2,CB,sub-030.csv,1,-123.41869792940199,-123.41869792940199,252.03035270969417,180
study2,CB,sub-031.csv,1,-62.79280666018087,-62.79280666018087,130.77857017125194,180
study2,CB,sub-032.csv,1,-97.78965650235024,-97.78965650235024,200.77226985559068,180
study2,CB,sub-033.csv,1,-109.95581518181304,-109.95581518181304,225.10458721451627,180
study2,CB,sub-034.csv,1,-0.8571860984284463,-0.8571860984284463,6.907329047747103,180
study2,CB,sub-035.csv,1,-115.2533723285504,-115.2533723285504,235.699701507991,180
study2,CB,sub-036.csv,1,-124.05445101914232,-124.05445101914232,253.30185888917484,180
study2,CB,sub-037.csv,1,-108.20796418825569,-108.20796418825569,221.60888522740157,180
study2,CB,sub-038.csv,1,-46.68953977270904,-46.68953977270904,98.57203639630829,180
study2,CB,sub-039.csv,1,-91.44227327397243,-91.44227327397243,188.07750339883506,180
study2,CB,sub-040.csv,1,-120.28478661084253,-120.28478661084253,245.76253007257526,180
study2,CB,sub-041.csv,1,-103.35925630917897,-103.35925630917897,211.91146946924815,180
study2,CB,sub-042.csv,1,-94.07886758649781,-94.07886758649781,193.3506920238858,180
study2,CB,sub-043.csv,1,-96.58449702378704,-96.58449702378704,198.36195089846427,180
study2,CB,sub-044.csv,1,-106.3519246881994,-106.3519246881994,217.896806227289,180
study2,CB,sub-045.csv,1,-118.82308654081417,-118.82308654081417,242.83912993251855,180
study2,CB,sub-046.csv,1,-41.411264804488894,-41.411264804488894,88.015486459868,180
study2,CB,sub-047.csv,1,-98.96376047177476,-98.96376047177476,203.12047779443972,180
study2,CB,sub-048.csv,1,-0.8571860984284463,-0.8571860984284463,6.907329047747103,180
study2,CB,sub-049.csv,1,-107.29362435455579,-107.29362435455579,219.78020556000178,180
study2,CB,sub-050.csv,1,-91.44227329717528,-91.44227329717528,188.07750344524075,180
study2,CB,sub-051.csv,1,-92.77724908057118,-92.77724908057118,190.74745501203256,180
study2,CB,sub-052.csv,1,-97.78965636082644,-97.78965636082644,200.77226957254308,180
study2,CB,sub-053.csv,1,-123.16173840193609,-123.16173840193609,251.51643365476238,180
study2,CB,sub-054.csv,1,-19.221623160931227,-19.221623160931227,43.636203172752666,180
study2,CB,sub-055.csv,1,-0.8571860984284463,-0.8571860984284463,6.907329047747103,180
study2,CB,sub-056.csv,1,-124.05445103036978,-124.05445103036978,253.30185891162975,180
study2,CB,sub-057.csv,1,-96.58449694192633,-96.58449694192633,198.36195073474286,180
study2,CB,sub-058.csv,1,-46.68953904838954,-46.68953904838954,98.5720349476693,180
study2,CB,sub-059.csv,1,-74.33280660976939,-74.33280660976939,153.85857007042898,180
study2,CB,sub-060.csv,1,-94.07886771583098,-94.07886771583098,193.35069228255216,180
study2,CB,sub-061.csv,1,-105.38253279723443,-105.38253279723443,215.95802244535906,180
study2,CB,sub-062.csv,1,-0.8571860984284463,-0.8571860984284463,6.907329047747103,180
study2,CB,sub-063.csv,1,-124.7220449559803,-124.7220449559803,254.6370467628508,180
study2,CB,sub-064.csv,1,-115.2533723648545,-115.2533723648545,235.6997015805992,180
study2,CB,sub-065.csv,1,-0.8571860984284463,-0.8571860984284463,6.907329047747103,180
study2,CB,sub-066.csv,1,-124.05445104350068,-124.05445104350068,253.30185893789155,180
study2,CB,sub-067.csv,1,-0.8571860984284463,-0.8571860984284463,6.907329047747103,180
study2,CB,sub-068.csv,1,-114.57270270226094,-114.57270270226094,234.33836225541208,180
study2,CB,sub-069.csv,1,-105.38253287619,-105.38253287619,215.9580226032702,180
study2,CB,sub-070.csv,1,-64.84424945530591,-64.84424945530591,134.88145576150202,180
study2,CB,sub-071.csv,1,-92.77724905067055,-92.77724905067055,190.7474549522313,180
study2,CB,sub-072.csv,1,-105.38253276168734,-105.38253276168734,215.95802237426489,180
study2,CB,sub-073.csv,1,-113.86703305268604,-113.86703305268604,232.92702295626228,180
study2,CB,sub-074.csv,1,-115.2533723047821,-115.2533723047821,235.6997014604544,180
study2,CB,sub-075.csv,1,-114.57270276599905,-114.57270276599905,234.3383623828883,180
study2,CB,sub-076.csv,1,-6.378095413779386,-6.378095413779386,17.94914767844898,180
study2,CB,sub-077.csv,1,-119.3339103741447,-119.3339103741447,243.86077759917958,180
study2,CB,sub-078.csv,1,-118.28848779212589,-118.28848779212589,241.76993243514198,180
study2,CB,sub-079.csv,1,-123.86499796219107,-123.86499796219107,252.92295277527234,180
study2,CB,sub-080.csv,1,-87.23037947284861,-87.23037947284861,179.65371579658742,180
study2,CB,sub-081.csv,1,-107.29362429608004,-107.29362429608004,219.78020544305028,180
study2,CB,sub-082.csv,1,-100.10730955597876,-100.10730955597876,205.40757596284772,180
study2,CB,sub-083.csv,1,-103.35925650007646,-103.35925650007646,211.9114698510431,180
study2,CB,sub-084.csv,1,-76.08928177556918,-76.08928177556918,157.37152040202855,180
study2,CB,sub-085.csv,1,-105.38253276586273,-105.38253276586273,215.95802238261567,180
study2,CB,sub-086.csv,1,-91.44227337987682,-91.44227337987682,188.07750361064384,180
study2,CB,sub-087.csv,1,-100.10730936840328,-100.10730936840328,205.40757558769675,180
study2,CB,sub-088.csv,1,-15.3156959293697,-15.3156959293697,35.82434870962961,180
study2,CB,sub-089.csv,1,-124.22150471609393,-124.22150471609393,253.63596628307806,180
study2,CB,sub-090.csv,1,-60.685130573886184,-60.685130573886184,126.56321799866258,180
study2,CB,sub-091.csv,1,-0.8571860984284463,-0.8571860984284463,6.907329047747103,180
study2,CB,sub-092.csv,1,-0.8571858418933331,-0.8571858418933331,6.907328534676877,180
study2,CB,sub-093.csv,1,-0.8571860984284463,-0.8571860984284463,6.907329047747103,180
study2,CB,sub-094.csv,1,-123.86499796740627,-123.86499796740627,252.92295278570273,180
study2,CB,sub-095.csv,1,-115.90924497922806,-115.90924497922806,237.01144680934632,180
study2,CB,sub-096.csv,1,-104.38509907470014,-104.38509907470014,213.96315500029047,180
study2,CB,sub-097.csv,1,-88.66956217964068,-88.66956217964068,182.53208121017155,180
study2,CB,sub-098.csv,1,-96.584497070589,-96.584497070589,198.3619509920682,180
study2,CB,sub-099.csv,1,-109.09526065286036,-109.09526065286036,223.38347815661092,180
study2,CB,sub-100.csv,1,-19.221623668363385,-19.221623668363385,43.63620418761698,180
study2,CB,sub-101.csv,1,-60.68513111985738,-60.68513111985738,126.56321909060497,180
study2,CB,sub-102.csv,1,-0.8571860984284463,-0.8571860984284463,6.907329047747103,180
study2,CB,sub-103.csv,1,-121.14214839496917,-121.14214839496917,247.47725364082854,180
study2,CB,sub-104.csv,1,-112.37982783257236,-112.37982783257236,229.95261251603492,180
study2,CB,sub-105.csv,1,-110.78991455564945,-110.78991455564945,226.7727859621891,180
study2,CB,sub-106.csv,1,-19.221624000994904,-19.221624000994904,43.63620485288002,180
study2,CB,sub-107.csv,1,-19.22162404759084,-19.22162404759084,43.63620494607189,180
study2,CB,sub-108.csv,1,-32.74223532981578,-32.74223532981578,70.67742751052177,180
study2,CB,sub-109.csv,1,-117.72996539763126,-117.72996539763126,240.65288764615272,180
study2,CB,sub-110.csv,1,-104.38509909160177,-104.38509909160177,213.96315503409375,180
study2,CB,sub-111.csv,1,-6.3780960302660485,-6.3780960302660485,17.949148911422306,180
study2,CB,sub-112.csv,1,-95.34775342404329,-95.34775342404329,195.88846369897678,180
study2,CB,sub-113.csv,1,-98.96376048840217,-98.96376048840217,203.12047782769454,180
study2,CB,sub-114.csv,1,-22.87672863414985,-22.87672863414985,50.94641411918991,180
study2,CB,sub-115.csv,1,-97.78965654974795,-97.78965654974795,200.7722699503861,180
study2,CB,sub-116.csv,1,-11.082191714759833,-11.082191714759833,27.35734028040988,180
study2,CB,sub-117.csv,1,-115.2533723002222,-115.2533723002222,235.6997014513346,180
study2,CB,sub-118.csv,1,-113.13614948064829,-113.13614948064829,231.46525581218677,180
study2,CB,sub-119.csv,1,-92.7772490553238,-92.7772490553238,190.74745496153778,180
study2,CB,sub-120.csv,1,-15.315695143046515,-15.315695143046515,35.82434713698324,180
study2,CB,sub-121.csv,1,-66.84179802833465,-66.84179802833465,138.8765529075595,180
study2,CB,sub-122.csv,1,-41.41126491894505,-41.41126491894505,88.01548668878031,180
study2,CB,sub-123.csv,1,-96.58449694082704,-96.58449694082704,198.36195073254427,180
study2,CB,sub-124.csv,1,-100.10730949618386,-100.10730949618386,205.40757584325792,180
study2,CB,sub-125.csv,1,-119.82109940762601,-119.82109940762601,244.8351556661422,180
study2,CB,sub-126.csv,1,-35.744869923022684,-35.744869923022684,76.68269669693558,180
study2,CB,sub-127.csv,1,-96.58449694023753,-96.58449694023753,198.36195073136525,180
study2,CB,sub-128.csv,1,-41.41126506766042,-41.41126506766042,88.01548698621106,180
study2,CB,sub-129.csv,1,-38.63088953545621,-38.63088953545621,82.45473592180264,180
study2,CB,sub-130.csv,1,-94.07886749562383,-94.07886749562383,193.35069184213785,180
study2,CB,sub-131.csv,1,-97.78965645001058,-97.78965645001058,200.77226975091136,180
study2,CB,sub-132.csv,1,-113.86703299914134,-113.86703299914134,232.9270228491729,180
study2,CB,sub-133.csv,1,-0.8571860984284463,-0.8571860984284463,6.907329047747103,180
study2,CB,sub-134.csv,1,-122.2548207569791,-122.2548207569791,249.7025983648484,180
study2,CB,sub-135.csv,1,-15.315695503646062,-15.315695503646062,35.824347858182335,180
study2,CB,sub-136.csv,1,-95.34775339539316,-95.34775339539316,195.8884636416765,180
study2,CB,sub-137.csv,1,-115.25337232030374,-115.25337232030374,235.69970149149768,180
study2,CB,sub-138.csv,1,-26.328548246791602,-26.328548246791602,57.850053344473416,180
study2,CB,sub-139.csv,1,-115.25337227356582,-115.25337227356582,235.69970139802183,180
study2,CB,sub-140.csv,1,-0.8571860984284463,-0.8571860984284463,6.907329047747103,180
study2,CB,sub-141.csv,1,-123.65309804362344,-123.65309804362344,252.4991529381371,180
study2,CB,sub-142.csv,1,-115.90924492519733,-115.90924492519733,237.01144670128485,180
study2,CB,sub-143.csv,1,-113.86703311041782,-113.86703311041782,232.92702307172584,180
study2,CB,sub-144.csv,1,-81.10232111682481,-81.10232111682481,167.39759908453982,180
study2,CB,sub-145.csv,1,-22.87672849187759,-22.87672849187759,50.94641383464539,180
study2,CB,sub-146.csv,1,-22.876728269736873,-22.876728269736873,50.94641339036396,180
study2,CB,sub-147.csv,1,-124.72204495836245,-124.72204495836245,254.6370467676151,180
study2,CB,sub-148.csv,1,-26.32854843703951,-26.32854843703951,57.850053724969236,180
study2,CB,sub-149.csv,1,-0.8571860984284463,-0.8571860984284463,6.907329047747103,180
study2,CB,sub-150.csv,1,-91.44227334653482,-91.44227334653482,188.07750354395984,180
study2,CB,sub-151.csv,1,-106.3519247007216,-106.3519247007216,217.8968062523334,180
study2,CB,sub-152.csv,1,-110.7899145404859,-110.7899145404859,226.772785931862,180
study2,CB,sub-153.csv,1,-6.378099138985429,-6.378099138985429,17.94915512886107,180
study2,CB,sub-154.csv,1,-44.09498301207202,-44.09498301207202,93.38292287503425,180
study2,CB,sub-155.csv,1,-91.44227333627843,-91.44227333627843,188.07750352344706,180
study2,CB,sub-156.csv,1,-94.07886759220811,-94.07886759220811,193.35069203530642,180
study2,CB,sub-157.csv,1,-101.22077868316832,-101.22077868316832,207.63451421722684,180
study2,CB,sub-158.csv,1,-64.84424951892983,-64.84424951892983,134.88145588874985,180
study2,CB,sub-159.csv,1,-26.328547778573984,-26.328547778573984,57.85005240803818,180
study2,CB,sub-160.csv,1,-119.33391032978263,-119.33391032978263,243.86077751045545,180
study2,CB,sub-161.csv,1,-26.328547888525236,-26.328547888525236,57.850052627940684,180
study2,CB,sub-162.csv,1,-15.315696419455636,-15.315696419455636,35.82434968980148,180
study2,CB,sub-163.csv,1,-124.75538130076067,-124.75538130076067,254.70371945241155,180
