depth3_score,depth2_score,depth1_score
10.407407407407407,1.876543209876543,0.8518518518518519
10.654320987654321,2.1604938271604937,1.0864197530864197
10.555555555555555,1.7160493827160495,0.9259259259259259
10.493827160493828,1.5432098765432098,0.9259259259259259
10.024691358024691,1.876543209876543,0.8148148148148148
10.54320987654321,2.197530864197531,1.0740740740740742
10.395061728395062,1.9259259259259258,0.7530864197530864
10.481481481481481,1.7407407407407407,0.7407407407407407
10.209876543209877,1.7777777777777777,1.123456790123457
10.45679012345679,1.876543209876543,0.9506172839506173
10.45679012345679,1.8271604938271604,0.9876543209876543
10.506172839506172,1.8518518518518519,0.7777777777777778
10.407407407407407,1.9876543209876543,0.9382716049382716
10.37037037037037,1.8518518518518519,0.8271604938271605
10.333333333333334,1.7901234567901234,0.9382716049382716
10.728395061728396,2.1481481481481484,0.8518518518518519
10.506172839506172,2.0864197530864197,0.8271604938271605
10.555555555555555,1.9753086419753085,1.0246913580246915
10.419753086419753,2.0123456790123457,0.9629629629629629
10.518518518518519,2.0246913580246915,0.8518518518518519
10.283950617283951,1.8024691358024691,1.0246913580246915
10.580246913580247,1.8518518518518519,0.8765432098765432
10.419753086419753,1.7901234567901234,0.9012345679012346
10.518518518518519,1.876543209876543,0.9629629629629629
10.395061728395062,1.962962962962963,0.6790123456790124
10.407407407407407,2.0,0.7901234567901234
10.333333333333334,2.0617283950617282,0.8148148148148148
10.481481481481481,1.962962962962963,1.037037037037037
10.777777777777779,1.8395061728395061,0.8765432098765432
10.604938271604938,1.9506172839506173,1.0617283950617284
10.518518518518519,2.0864197530864197,1.037037037037037
10.728395061728396,2.0246913580246915,0.9382716049382716
10.432098765432098,1.9135802469135803,0.9012345679012346
10.641975308641975,1.9876543209876543,0.9506172839506173
10.530864197530864,1.7407407407407407,1.123456790123457
10.679012345679013,1.617283950617284,0.9135802469135802
10.530864197530864,1.728395061728395,0.8518518518518519
10.308641975308642,1.8888888888888888,0.8765432098765432
10.481481481481481,1.7407407407407407,1.0493827160493827
10.37037037037037,1.8518518518518519,0.8888888888888888
10.419753086419753,2.0864197530864197,0.9753086419753086
10.382716049382717,1.7160493827160495,0.691358024691358
10.617283950617283,1.691358024691358,1.0864197530864197
10.567901234567902,2.037037037037037,0.7901234567901234
10.530864197530864,1.876543209876543,0.8765432098765432
10.320987654320987,2.0246913580246915,0.8271604938271605
10.506172839506172,1.7901234567901234,0.9382716049382716
10.17283950617284,1.7530864197530864,0.9382716049382716
10.641975308641975,1.9382716049382716,0.9506172839506173
10.419753086419753,2.1358024691358026,0.9753086419753086
10.419753086419753,1.6666666666666667,0.7777777777777778
10.62962962962963,1.9135802469135803,0.9629629629629629
10.382716049382717,2.037037037037037,0.9753086419753086
10.580246913580247,1.728395061728395,0.9506172839506173
10.666666666666666,2.0,0.9135802469135802
10.555555555555555,1.5925925925925926,0.8765432098765432
10.419753086419753,1.5432098765432098,0.8518518518518519
10.283950617283951,1.6666666666666667,0.8395061728395061
10.506172839506172,1.9506172839506173,0.9506172839506173
10.407407407407407,1.6296296296296295,0.8395061728395061
10.444444444444445,1.7160493827160495,1.0493827160493827
10.444444444444445,1.7777777777777777,1.0740740740740742
10.604938271604938,2.037037037037037,1.0493827160493827
10.876543209876543,2.0246913580246915,0.9259259259259259
10.716049382716049,1.8395061728395061,0.9012345679012346
10.382716049382717,1.8271604938271604,0.9259259259259259
10.617283950617283,1.9012345679012346,0.9012345679012346
10.938271604938272,1.9012345679012346,0.8888888888888888
10.308641975308642,1.7407407407407407,0.9629629629629629
10.580246913580247,1.9382716049382716,1.2222222222222223
10.506172839506172,1.8271604938271604,0.9382716049382716
10.592592592592593,1.4814814814814814,1.0864197530864197
10.641975308641975,1.8148148148148149,0.9506172839506173
10.703703703703704,1.7777777777777777,1.1358024691358024
10.382716049382717,2.1728395061728394,0.8518518518518519
10.283950617283951,1.8395061728395061,1.0864197530864197
10.567901234567902,2.0246913580246915,0.9876543209876543
10.444444444444445,1.876543209876543,0.9876543209876543
10.728395061728396,1.7407407407407407,0.9012345679012346
10.901234567901234,1.5432098765432098,0.9876543209876543
10.345679012345679,1.962962962962963,0.9012345679012346
10.395061728395062,1.8888888888888888,0.9506172839506173
10.358024691358025,2.074074074074074,0.8765432098765432
10.11111111111111,1.9382716049382716,0.7530864197530864
10.790123456790123,2.0,0.7777777777777778
10.17283950617284,1.728395061728395,0.8518518518518519
10.395061728395062,2.0617283950617282,0.8641975308641975
10.419753086419753,1.9753086419753085,0.9876543209876543
10.506172839506172,1.7530864197530864,0.9876543209876543
10.358024691358025,1.9382716049382716,0.9506172839506173
10.407407407407407,1.8641975308641976,1.0246913580246915
10.432098765432098,1.8641975308641976,0.7654320987654321
10.222222222222221,1.8271604938271604,0.8024691358024691
10.54320987654321,1.7160493827160495,1.0246913580246915
10.407407407407407,1.876543209876543,0.9259259259259259
10.345679012345679,1.8395061728395061,0.7777777777777778
10.901234567901234,1.876543209876543,0.9876543209876543
10.518518518518519,1.691358024691358,1.1111111111111112
10.160493827160494,1.728395061728395,0.9629629629629629
10.185185185185185,1.7530864197530864,0.9629629629629629
10.790123456790123,1.8271604938271604,0.8395061728395061
10.938271604938272,1.9753086419753085,1.0493827160493827
10.197530864197532,2.0987654320987654,0.9753086419753086
10.320987654320987,1.728395061728395,0.7530864197530864
10.62962962962963,2.0246913580246915,0.9382716049382716
10.654320987654321,1.876543209876543,0.8641975308641975
10.320987654320987,1.7901234567901234,0.9506172839506173
10.716049382716049,1.9506172839506173,0.9876543209876543
10.432098765432098,1.7654320987654322,0.8765432098765432
10.308641975308642,1.9382716049382716,0.9506172839506173
10.197530864197532,1.9135802469135803,0.9135802469135802
10.283950617283951,2.0123456790123457,1.1604938271604939
10.62962962962963,1.9135802469135803,0.8271604938271605
10.432098765432098,1.7160493827160495,0.9876543209876543
10.074074074074074,2.0246913580246915,0.9876543209876543
10.481481481481481,2.0987654320987654,0.8271604938271605
10.62962962962963,1.7407407407407407,0.9135802469135802
10.382716049382717,2.049382716049383,1.0246913580246915
10.296296296296296,1.9259259259259258,0.8148148148148148
10.382716049382717,1.8395061728395061,1.0123456790123457
10.506172839506172,1.876543209876543,1.037037037037037
10.493827160493828,2.0123456790123457,0.6790123456790124
10.45679012345679,2.0246913580246915,0.7777777777777778
10.580246913580247,1.5925925925925926,0.8395061728395061
10.358024691358025,1.8271604938271604,0.9629629629629629
10.518518518518519,1.9259259259259258,0.9753086419753086
10.419753086419753,1.7160493827160495,0.9259259259259259
10.62962962962963,1.9135802469135803,0.9012345679012346
10.703703703703704,1.617283950617284,0.8395061728395061
10.790123456790123,1.9382716049382716,1.123456790123457
10.345679012345679,1.7530864197530864,0.8395061728395061
10.308641975308642,1.6419753086419753,0.8765432098765432
10.679012345679013,1.9382716049382716,1.0123456790123457
10.358024691358025,1.962962962962963,1.123456790123457
10.432098765432098,1.7407407407407407,0.9629629629629629
10.592592592592593,1.7654320987654322,0.8395061728395061
10.481481481481481,1.5802469135802468,1.0617283950617284
10.185185185185185,1.8395061728395061,1.0864197530864197
10.481481481481481,2.037037037037037,1.1358024691358024
10.432098765432098,1.6790123456790123,1.1975308641975309
10.518518518518519,1.7530864197530864,0.9876543209876543
10.765432098765432,2.111111111111111,1.0123456790123457
10.246913580246913,1.8271604938271604,0.8024691358024691
10.592592592592593,1.9382716049382716,1.0617283950617284
10.469135802469136,2.0,0.8395061728395061
10.432098765432098,1.9382716049382716,0.7901234567901234
10.753086419753087,1.8395061728395061,0.9135802469135802
10.395061728395062,1.7530864197530864,0.9135802469135802
10.555555555555555,1.8395061728395061,1.0864197530864197
10.481481481481481,1.7407407407407407,0.9135802469135802
10.419753086419753,1.8271604938271604,0.8395061728395061
10.432098765432098,2.0246913580246915,1.0
10.395061728395062,1.8148148148148149,0.9876543209876543
10.283950617283951,1.962962962962963,0.8641975308641975
10.54320987654321,2.049382716049383,0.8395061728395061
10.283950617283951,1.8888888888888888,0.9382716049382716
10.45679012345679,2.185185185185185,0.9382716049382716
10.481481481481481,1.876543209876543,0.9506172839506173
10.604938271604938,1.9382716049382716,0.9506172839506173
10.506172839506172,2.037037037037037,1.0987654320987654
10.419753086419753,1.7901234567901234,0.9135802469135802
10.62962962962963,1.876543209876543,0.7654320987654321
10.54320987654321,1.8518518518518519,1.0493827160493827
10.728395061728396,1.8271604938271604,0.9259259259259259
10.432098765432098,1.7530864197530864,0.8765432098765432
10.641975308641975,1.9259259259259258,0.9382716049382716
10.691358024691358,1.7901234567901234,1.037037037037037
10.395061728395062,1.8395061728395061,0.9753086419753086
10.62962962962963,1.5555555555555556,1.0740740740740742
10.530864197530864,1.9382716049382716,0.9506172839506173
10.567901234567902,1.7901234567901234,0.9753086419753086
10.753086419753087,1.876543209876543,1.0123456790123457
10.691358024691358,1.9506172839506173,1.0740740740740742
10.37037037037037,1.8271604938271604,0.9382716049382716
10.135802469135802,1.654320987654321,0.8395061728395061
10.530864197530864,1.8888888888888888,1.037037037037037
10.790123456790123,1.8024691358024691,1.0
10.654320987654321,2.1604938271604937,0.7901234567901234
10.580246913580247,1.876543209876543,0.9506172839506173
10.481481481481481,1.7901234567901234,0.9629629629629629
10.506172839506172,1.8888888888888888,0.8024691358024691
10.283950617283951,1.8148148148148149,0.8395061728395061
10.45679012345679,1.9382716049382716,1.0123456790123457
10.061728395061728,1.8395061728395061,0.8148148148148148
10.617283950617283,1.8888888888888888,0.9259259259259259
10.308641975308642,1.8395061728395061,1.0
10.580246913580247,1.9506172839506173,0.8518518518518519
10.654320987654321,2.0,0.9876543209876543
10.320987654320987,1.6296296296296295,0.9629629629629629
10.518518518518519,1.9135802469135803,0.8765432098765432
10.518518518518519,2.2839506172839505,1.0246913580246915
10.592592592592593,1.5925925925925926,1.0617283950617284
10.345679012345679,1.9876543209876543,1.0
10.62962962962963,1.7654320987654322,0.8641975308641975
10.345679012345679,1.8024691358024691,0.7530864197530864
10.308641975308642,1.9382716049382716,0.9506172839506173
10.580246913580247,1.8641975308641976,0.9012345679012346
10.617283950617283,2.197530864197531,0.8888888888888888
10.419753086419753,1.8024691358024691,0.9382716049382716
10.666666666666666,1.9753086419753085,1.0493827160493827
10.641975308641975,2.049382716049383,0.9876543209876543
10.481481481481481,1.8641975308641976,1.0123456790123457
10.283950617283951,1.6296296296296295,0.8765432098765432
10.469135802469136,1.876543209876543,0.8024691358024691
10.432098765432098,1.8518518518518519,1.0
10.716049382716049,1.8641975308641976,0.9876543209876543
10.530864197530864,2.0987654320987654,0.9382716049382716
10.419753086419753,1.9753086419753085,1.0123456790123457
10.555555555555555,1.7530864197530864,0.9506172839506173
10.308641975308642,2.2098765432098766,0.7901234567901234
10.617283950617283,1.8024691358024691,1.2469135802469136
10.444444444444445,2.049382716049383,0.8641975308641975
10.222222222222221,1.8395061728395061,0.9135802469135802
10.444444444444445,2.0123456790123457,1.1481481481481481
10.407407407407407,1.8641975308641976,0.7654320987654321
10.518518518518519,1.691358024691358,1.123456790123457
10.481481481481481,1.8148148148148149,0.8641975308641975
10.296296296296296,1.8024691358024691,1.0493827160493827
10.469135802469136,1.9382716049382716,1.1358024691358024
10.604938271604938,1.728395061728395,0.9506172839506173
10.358024691358025,1.9012345679012346,0.9629629629629629
10.555555555555555,2.0246913580246915,1.0246913580246915
10.518518518518519,2.0246913580246915,0.7654320987654321
10.666666666666666,1.8395061728395061,0.9629629629629629
10.506172839506172,1.9506172839506173,1.0617283950617284
10.777777777777779,2.0864197530864197,0.9753086419753086
10.25925925925926,2.123456790123457,1.1111111111111112
10.432098765432098,1.9259259259259258,1.0493827160493827
10.432098765432098,1.8641975308641976,1.037037037037037
10.641975308641975,1.8641975308641976,1.0
10.703703703703704,1.7777777777777777,0.8641975308641975
10.320987654320987,1.7654320987654322,0.8395061728395061
10.246913580246913,2.037037037037037,0.9135802469135802
10.407407407407407,1.7530864197530864,0.8024691358024691
10.592592592592593,1.876543209876543,0.9629629629629629
10.753086419753087,1.9382716049382716,0.8271604938271605
10.518518518518519,1.9135802469135803,0.9259259259259259
10.518518518518519,1.8518518518518519,1.1728395061728396
10.518518518518519,1.9259259259259258,0.9876543209876543
10.358024691358025,1.7530864197530864,1.0493827160493827
10.382716049382717,2.185185185185185,1.0740740740740742
10.419753086419753,1.9135802469135803,0.8765432098765432
10.555555555555555,1.7037037037037037,0.9629629629629629
10.444444444444445,2.0987654320987654,1.0
10.333333333333334,1.9012345679012346,0.9753086419753086
10.432098765432098,1.5925925925925926,0.9382716049382716
10.382716049382717,1.9135802469135803,0.9753086419753086
10.271604938271604,2.123456790123457,0.9382716049382716
10.419753086419753,1.9506172839506173,0.9135802469135802
10.444444444444445,2.234567901234568,0.7777777777777778
10.37037037037037,1.9259259259259258,1.0
10.296296296296296,1.9506172839506173,1.0493827160493827
10.333333333333334,2.037037037037037,1.0
10.54320987654321,1.8148148148148149,1.0
10.308641975308642,1.9259259259259258,0.8641975308641975
10.469135802469136,1.9382716049382716,1.2098765432098766
10.641975308641975,1.8518518518518519,0.9629629629629629
10.345679012345679,1.6666666666666667,0.8888888888888888
10.45679012345679,1.962962962962963,0.8765432098765432
10.45679012345679,1.962962962962963,0.9629629629629629
10.469135802469136,1.7777777777777777,0.9382716049382716
10.62962962962963,2.197530864197531,1.0
10.765432098765432,1.8148148148148149,0.7777777777777778
10.320987654320987,1.6296296296296295,0.9876543209876543
10.74074074074074,1.654320987654321,0.9382716049382716
10.851851851851851,2.123456790123457,0.9382716049382716
10.135802469135802,1.7530864197530864,0.7654320987654321
10.518518518518519,1.9506172839506173,0.9506172839506173
10.679012345679013,1.9135802469135803,1.0
10.061728395061728,1.8888888888888888,1.0740740740740742
10.419753086419753,1.876543209876543,0.9382716049382716
10.679012345679013,1.8271604938271604,0.9012345679012346
10.654320987654321,1.9012345679012346,0.9382716049382716
10.592592592592593,1.8641975308641976,0.9382716049382716
10.62962962962963,2.0,1.2592592592592593
11.0,2.0,0.8888888888888888
10.45679012345679,1.962962962962963,0.9259259259259259
10.382716049382717,2.037037037037037,1.0123456790123457
10.679012345679013,1.8024691358024691,1.0617283950617284
10.074074074074074,1.8148148148148149,0.7654320987654321
10.444444444444445,1.691358024691358,0.8395061728395061
10.407407407407407,1.7530864197530864,0.9753086419753086
10.54320987654321,2.0617283950617282,0.9753086419753086
10.666666666666666,1.8888888888888888,1.0123456790123457
10.493827160493828,2.037037037037037,0.8518518518518519
10.506172839506172,1.7407407407407407,1.0740740740740742
10.197530864197532,1.9876543209876543,0.9506172839506173
10.296296296296296,1.9135802469135803,0.9012345679012346
10.518518518518519,1.9753086419753085,0.8641975308641975
10.62962962962963,1.8641975308641976,0.9259259259259259
10.469135802469136,2.1358024691358026,0.7777777777777778
10.333333333333334,1.9012345679012346,0.8271604938271605
10.222222222222221,2.1481481481481484,0.9012345679012346
10.444444444444445,1.5555555555555556,0.7777777777777778
10.419753086419753,1.7901234567901234,0.7777777777777778
10.345679012345679,1.8641975308641976,0.9012345679012346
11.012345679012345,1.8518518518518519,1.037037037037037
10.419753086419753,1.7037037037037037,0.8395061728395061
10.234567901234568,2.0987654320987654,0.9135802469135802
10.185185185185185,1.7530864197530864,1.1604938271604939
10.679012345679013,1.8271604938271604,0.9012345679012346
10.197530864197532,2.0123456790123457,0.7530864197530864
10.530864197530864,2.197530864197531,0.7407407407407407
10.419753086419753,1.9753086419753085,0.8641975308641975
10.419753086419753,1.6419753086419753,0.7901234567901234
10.345679012345679,1.876543209876543,0.8271604938271605
10.419753086419753,2.0,1.0864197530864197
10.580246913580247,1.8024691358024691,0.9135802469135802
10.654320987654321,1.9382716049382716,0.7901234567901234
10.62962962962963,1.8024691358024691,0.9259259259259259
10.580246913580247,1.962962962962963,1.123456790123457
10.45679012345679,1.9876543209876543,1.0
10.185185185185185,1.7901234567901234,1.0493827160493827
10.469135802469136,1.8148148148148149,1.1728395061728396
10.358024691358025,2.0246913580246915,0.9753086419753086
10.25925925925926,2.0987654320987654,0.8888888888888888
10.518518518518519,1.7901234567901234,0.9259259259259259
10.283950617283951,1.7901234567901234,1.0493827160493827
10.530864197530864,1.9012345679012346,0.9012345679012346
10.444444444444445,1.8518518518518519,1.037037037037037
10.604938271604938,1.617283950617284,0.9753086419753086
10.555555555555555,1.8888888888888888,0.8888888888888888
10.580246913580247,1.8148148148148149,1.0617283950617284
10.234567901234568,1.8271604938271604,0.9753086419753086
10.530864197530864,1.6790123456790123,0.9629629629629629
10.395061728395062,1.7530864197530864,0.9012345679012346
10.641975308641975,2.123456790123457,1.0493827160493827
10.271604938271604,1.7777777777777777,0.9135802469135802
10.469135802469136,1.7407407407407407,0.7654320987654321
10.432098765432098,1.7777777777777777,1.0
10.716049382716049,1.962962962962963,0.6296296296296297
10.395061728395062,1.9259259259259258,1.0987654320987654
10.518518518518519,1.9382716049382716,0.9382716049382716
10.530864197530864,1.8641975308641976,0.8395061728395061
10.74074074074074,1.8024691358024691,1.0493827160493827
10.814814814814815,1.654320987654321,1.1358024691358024
10.530864197530864,1.7654320987654322,0.8271604938271605
10.17283950617284,1.9382716049382716,0.7901234567901234
10.506172839506172,2.0617283950617282,0.7901234567901234
10.395061728395062,1.8024691358024691,0.9012345679012346
10.481481481481481,1.9012345679012346,0.9876543209876543
10.358024691358025,1.8395061728395061,0.7037037037037037
10.54320987654321,1.6296296296296295,1.0
10.25925925925926,1.7530864197530864,0.9753086419753086
10.54320987654321,1.8888888888888888,0.8024691358024691
10.296296296296296,2.185185185185185,0.9629629629629629
10.358024691358025,1.8518518518518519,1.0246913580246915
10.407407407407407,1.9876543209876543,1.0617283950617284
10.098765432098766,2.0987654320987654,0.7530864197530864
10.296296296296296,1.7654320987654322,0.9135802469135802
10.37037037037037,1.9259259259259258,0.9506172839506173
10.246913580246913,1.8024691358024691,0.9506172839506173
10.592592592592593,1.9382716049382716,1.0864197530864197
10.469135802469136,1.8888888888888888,0.9135802469135802
10.419753086419753,2.049382716049383,1.0246913580246915
10.407407407407407,1.8271604938271604,0.8395061728395061
10.679012345679013,1.8271604938271604,0.8395061728395061
10.666666666666666,1.9382716049382716,0.9506172839506173
10.518518518518519,1.6419753086419753,1.037037037037037
10.382716049382717,2.0,1.0
10.604938271604938,1.7037037037037037,0.7901234567901234
10.407407407407407,1.8395061728395061,0.9506172839506173
10.518518518518519,1.9753086419753085,0.9259259259259259
10.555555555555555,1.8024691358024691,0.9382716049382716
10.530864197530864,1.8518518518518519,0.8518518518518519
10.703703703703704,1.9012345679012346,0.7654320987654321
10.246913580246913,1.6790123456790123,0.8765432098765432
10.37037037037037,1.876543209876543,0.8888888888888888
10.679012345679013,1.6790123456790123,0.8271604938271605
10.345679012345679,1.8641975308641976,0.8148148148148148
10.679012345679013,1.9506172839506173,0.7777777777777778
10.358024691358025,1.8024691358024691,1.0
10.506172839506172,2.0123456790123457,1.123456790123457
10.185185185185185,2.049382716049383,0.8395061728395061
10.469135802469136,2.0246913580246915,1.0123456790123457
10.518518518518519,2.1728395061728394,0.7901234567901234
10.45679012345679,1.9135802469135803,0.8765432098765432
10.567901234567902,2.1481481481481484,0.9876543209876543
10.345679012345679,1.8395061728395061,0.7777777777777778
10.246913580246913,1.8148148148148149,0.9876543209876543
10.617283950617283,2.0,0.9135802469135802
10.358024691358025,1.8888888888888888,0.9382716049382716
10.839506172839506,2.0987654320987654,0.654320987654321
10.481481481481481,1.9506172839506173,0.8888888888888888
10.617283950617283,1.7654320987654322,1.0493827160493827
10.604938271604938,1.654320987654321,0.8888888888888888
10.37037037037037,1.8148148148148149,0.9259259259259259
10.555555555555555,1.7407407407407407,0.7654320987654321
10.320987654320987,2.0123456790123457,0.8888888888888888
10.679012345679013,1.9135802469135803,1.1111111111111112
10.580246913580247,2.0,0.9753086419753086
10.679012345679013,1.8395061728395061,1.0123456790123457
10.654320987654321,1.6419753086419753,0.8148148148148148
10.358024691358025,2.0246913580246915,1.0123456790123457
10.506172839506172,1.8518518518518519,0.7777777777777778
10.580246913580247,1.8148148148148149,0.8641975308641975
10.691358024691358,1.9259259259259258,0.8148148148148148
10.777777777777779,2.049382716049383,0.8395061728395061
10.25925925925926,1.9012345679012346,0.9382716049382716
10.641975308641975,1.8024691358024691,1.0617283950617284
10.222222222222221,1.5925925925925926,0.7654320987654321
10.444444444444445,1.7654320987654322,0.8765432098765432
10.82716049382716,1.5555555555555556,0.9753086419753086
10.654320987654321,1.9259259259259258,0.8271604938271605
10.358024691358025,1.8888888888888888,0.8641975308641975
10.518518518518519,1.6296296296296295,0.9506172839506173
10.580246913580247,1.7407407407407407,0.9135802469135802
10.493827160493828,2.0,0.9259259259259259
10.197530864197532,1.7160493827160495,0.9506172839506173
10.382716049382717,1.617283950617284,0.7283950617283951
10.098765432098766,1.7901234567901234,1.0987654320987654
10.148148148148149,1.728395061728395,1.2098765432098766
10.419753086419753,2.123456790123457,0.8641975308641975
10.753086419753087,1.9135802469135803,0.8395061728395061
10.567901234567902,2.0987654320987654,0.9135802469135802
10.54320987654321,1.6296296296296295,0.8148148148148148
10.74074074074074,2.037037037037037,0.9012345679012346
10.617283950617283,1.962962962962963,0.8888888888888888
10.54320987654321,1.8148148148148149,0.7777777777777778
10.444444444444445,2.0987654320987654,0.9876543209876543
10.358024691358025,1.7777777777777777,0.9506172839506173
10.419753086419753,1.7530864197530864,1.0617283950617284
10.506172839506172,1.7530864197530864,0.8024691358024691
10.209876543209877,1.9753086419753085,0.8641975308641975
10.222222222222221,1.7777777777777777,0.8765432098765432
10.283950617283951,1.7407407407407407,0.8641975308641975
10.382716049382717,1.9506172839506173,0.8271604938271605
10.518518518518519,1.9012345679012346,0.9259259259259259
10.407407407407407,1.9876543209876543,0.9753086419753086
10.395061728395062,1.8395061728395061,0.9259259259259259
10.580246913580247,1.9259259259259258,0.9135802469135802
10.283950617283951,2.0,0.8518518518518519
10.382716049382717,1.7530864197530864,1.1358024691358024
10.777777777777779,1.8395061728395061,0.9876543209876543
10.530864197530864,1.9135802469135803,1.0123456790123457
10.407407407407407,1.9259259259259258,1.037037037037037
10.320987654320987,1.9135802469135803,0.9259259259259259
10.25925925925926,1.876543209876543,0.9876543209876543
10.74074074074074,2.1604938271604937,1.123456790123457
10.506172839506172,1.8271604938271604,0.8888888888888888
10.395061728395062,1.9382716049382716,0.9753086419753086
10.469135802469136,2.0123456790123457,0.9753086419753086
10.506172839506172,2.049382716049383,0.8271604938271605
10.469135802469136,1.7901234567901234,1.0123456790123457
10.222222222222221,1.5925925925925926,0.8024691358024691
10.222222222222221,1.6419753086419753,1.0
10.592592592592593,1.9506172839506173,0.9876543209876543
10.246913580246913,2.0123456790123457,0.9259259259259259
10.91358024691358,1.7777777777777777,0.8395061728395061
10.382716049382717,1.8888888888888888,0.8271604938271605
10.382716049382717,2.049382716049383,0.9876543209876543
9.938271604938272,1.7160493827160495,1.0493827160493827
10.283950617283951,1.5802469135802468,0.9259259259259259
10.308641975308642,1.8024691358024691,0.8271604938271605
10.395061728395062,1.876543209876543,0.9506172839506173
10.469135802469136,1.8518518518518519,0.9012345679012346
10.679012345679013,1.9506172839506173,0.8271604938271605
10.481481481481481,1.9506172839506173,1.0493827160493827
10.518518518518519,2.037037037037037,0.9259259259259259
10.62962962962963,1.7777777777777777,1.0246913580246915
10.407407407407407,1.5432098765432098,0.9135802469135802
10.530864197530864,1.8148148148148149,1.0
10.481481481481481,2.049382716049383,1.0246913580246915
10.506172839506172,1.8518518518518519,0.7530864197530864
10.617283950617283,1.617283950617284,0.7901234567901234
10.148148148148149,1.654320987654321,0.8395061728395061
10.481481481481481,1.7530864197530864,0.8765432098765432
10.333333333333334,1.8641975308641976,0.9753086419753086
10.432098765432098,1.9876543209876543,0.8395061728395061
10.45679012345679,1.8271604938271604,0.9382716049382716
10.555555555555555,1.9135802469135803,1.1851851851851851
10.382716049382717,1.9259259259259258,0.9629629629629629
10.493827160493828,2.0,0.8888888888888888
10.419753086419753,1.876543209876543,0.9876543209876543
10.234567901234568,1.6790123456790123,0.8395061728395061
10.234567901234568,2.2098765432098766,0.9876543209876543
10.592592592592593,1.7777777777777777,1.0246913580246915
10.432098765432098,2.037037037037037,0.7777777777777778
10.654320987654321,1.876543209876543,1.0123456790123457
10.493827160493828,1.7160493827160495,0.691358024691358
10.506172839506172,1.7777777777777777,1.037037037037037
10.320987654320987,1.6049382716049383,0.8765432098765432
10.679012345679013,1.9259259259259258,1.0
10.432098765432098,2.0,0.9012345679012346
10.666666666666666,1.9012345679012346,1.1481481481481481
10.518518518518519,1.876543209876543,1.037037037037037
10.469135802469136,2.111111111111111,0.9382716049382716
10.382716049382717,2.0617283950617282,0.8888888888888888
10.432098765432098,1.728395061728395,0.8518518518518519
10.641975308641975,2.0246913580246915,0.8395061728395061
10.54320987654321,1.7654320987654322,0.9506172839506173
10.123456790123457,1.7654320987654322,0.8395061728395061
10.567901234567902,2.0246913580246915,0.9876543209876543
10.62962962962963,2.074074074074074,0.9506172839506173
10.592592592592593,1.876543209876543,0.9506172839506173
10.148148148148149,1.6049382716049383,1.0123456790123457
10.580246913580247,1.8271604938271604,0.8765432098765432
10.382716049382717,1.9259259259259258,0.8395061728395061
10.123456790123457,1.8024691358024691,0.9629629629629629
10.654320987654321,1.6049382716049383,0.7037037037037037
10.419753086419753,2.1358024691358026,0.8641975308641975
10.333333333333334,1.8888888888888888,0.9629629629629629
10.641975308641975,1.9876543209876543,1.0
10.395061728395062,1.617283950617284,1.037037037037037
10.333333333333334,1.9135802469135803,1.0
10.530864197530864,1.8641975308641976,1.0617283950617284
10.592592592592593,1.6666666666666667,0.9135802469135802
10.753086419753087,2.1481481481481484,1.123456790123457
10.703703703703704,1.8518518518518519,1.0493827160493827
10.518518518518519,1.7654320987654322,1.0987654320987654
10.580246913580247,1.9012345679012346,1.0246913580246915
10.728395061728396,1.7901234567901234,0.8641975308641975
10.604938271604938,2.0617283950617282,0.9753086419753086
10.444444444444445,1.962962962962963,1.1358024691358024
10.320987654320987,2.0246913580246915,0.8641975308641975
10.209876543209877,1.691358024691358,0.9506172839506173
10.567901234567902,1.8888888888888888,0.8641975308641975
10.864197530864198,1.9012345679012346,1.0
10.493827160493828,1.9382716049382716,0.8148148148148148
10.814814814814815,1.9135802469135803,0.9629629629629629
10.506172839506172,2.0617283950617282,1.037037037037037
10.37037037037037,1.9259259259259258,0.9629629629629629
10.691358024691358,1.7160493827160495,0.9629629629629629
10.617283950617283,1.7530864197530864,1.0246913580246915
10.296296296296296,2.0,0.9135802469135802
10.358024691358025,1.962962962962963,0.9753086419753086
10.45679012345679,1.7777777777777777,0.9876543209876543
10.604938271604938,1.7037037037037037,0.9876543209876543
10.345679012345679,1.6419753086419753,0.8765432098765432
10.444444444444445,1.9012345679012346,1.0
10.493827160493828,2.037037037037037,0.8765432098765432
10.444444444444445,1.9259259259259258,1.0864197530864197
10.148148148148149,1.5925925925925926,0.8271604938271605
10.296296296296296,1.6049382716049383,1.1358024691358024
10.333333333333334,1.7901234567901234,0.9506172839506173
10.444444444444445,1.8024691358024691,0.8888888888888888
10.567901234567902,2.0864197530864197,1.0246913580246915
10.024691358024691,1.8024691358024691,0.9382716049382716
10.37037037037037,1.8395061728395061,0.8641975308641975
10.530864197530864,1.7654320987654322,1.0123456790123457
10.395061728395062,1.876543209876543,0.7777777777777778
10.481481481481481,1.8518518518518519,0.9259259259259259
10.432098765432098,1.9876543209876543,1.0617283950617284
10.308641975308642,1.8148148148148149,0.9382716049382716
10.185185185185185,1.6790123456790123,0.8148148148148148
10.25925925925926,1.654320987654321,0.9629629629629629
10.296296296296296,1.7407407407407407,0.6419753086419753
10.469135802469136,1.8518518518518519,0.9629629629629629
10.54320987654321,1.8024691358024691,0.9135802469135802
10.530864197530864,1.654320987654321,0.8395061728395061
10.395061728395062,1.9259259259259258,0.8888888888888888
10.11111111111111,2.111111111111111,0.8395061728395061
10.395061728395062,1.8271604938271604,0.9876543209876543
10.691358024691358,1.9753086419753085,0.9012345679012346
10.37037037037037,1.8888888888888888,0.7654320987654321
10.703703703703704,1.9135802469135803,0.9012345679012346
10.567901234567902,1.876543209876543,0.9382716049382716
10.54320987654321,1.9876543209876543,0.8641975308641975
10.333333333333334,1.8518518518518519,0.8271604938271605
10.345679012345679,1.8395061728395061,0.9259259259259259
10.82716049382716,1.6419753086419753,0.9629629629629629
10.604938271604938,1.8148148148148149,1.0246913580246915
10.395061728395062,1.728395061728395,0.8271604938271605
10.246913580246913,1.6790123456790123,0.8888888888888888
10.691358024691358,2.0,0.8271604938271605
10.382716049382717,1.7530864197530864,0.7901234567901234
10.469135802469136,1.8888888888888888,0.9382716049382716
10.382716049382717,1.6790123456790123,0.9629629629629629
10.432098765432098,1.8024691358024691,0.9382716049382716
10.37037037037037,1.7901234567901234,0.7037037037037037
10.283950617283951,1.7777777777777777,0.7530864197530864
10.580246913580247,1.876543209876543,1.0493827160493827
10.703703703703704,1.8641975308641976,0.9506172839506173
10.395061728395062,1.8518518518518519,0.9629629629629629
10.703703703703704,1.8148148148148149,0.9753086419753086
10.333333333333334,1.5925925925925926,1.1481481481481481
10.493827160493828,2.0864197530864197,1.0123456790123457
10.839506172839506,2.0987654320987654,0.8271604938271605
10.320987654320987,2.0123456790123457,1.0493827160493827
10.271604938271604,1.8395061728395061,0.8641975308641975
10.54320987654321,2.0123456790123457,0.9506172839506173
10.320987654320987,1.8518518518518519,0.8641975308641975
10.481481481481481,1.9135802469135803,0.9382716049382716
10.518518518518519,1.6419753086419753,0.9753086419753086
10.197530864197532,2.123456790123457,0.9629629629629629
10.320987654320987,1.876543209876543,0.8641975308641975
10.45679012345679,2.0,0.7530864197530864
10.493827160493828,1.8271604938271604,0.9753086419753086
10.444444444444445,1.9012345679012346,0.9135802469135802
10.395061728395062,1.7777777777777777,1.0493827160493827
10.37037037037037,2.0,0.8765432098765432
10.506172839506172,1.8395061728395061,0.9753086419753086
10.518518518518519,1.9876543209876543,0.9135802469135802
10.654320987654321,1.9259259259259258,0.9753086419753086
10.654320987654321,1.8888888888888888,0.8024691358024691
10.592592592592593,1.9876543209876543,0.9629629629629629
10.555555555555555,1.9012345679012346,0.7901234567901234
10.567901234567902,1.9259259259259258,1.1111111111111112
10.518518518518519,2.0246913580246915,0.9012345679012346
10.530864197530864,1.728395061728395,0.8765432098765432
10.481481481481481,1.9012345679012346,0.9629629629629629
10.703703703703704,1.6419753086419753,0.9135802469135802
10.382716049382717,1.8518518518518519,0.8148148148148148
10.37037037037037,1.8518518518518519,0.9876543209876543
10.407407407407407,1.8888888888888888,1.2469135802469136
10.592592592592593,2.0246913580246915,1.0864197530864197
10.555555555555555,1.9012345679012346,0.8518518518518519
10.506172839506172,1.8518518518518519,0.9259259259259259
10.641975308641975,1.9012345679012346,0.9259259259259259
10.333333333333334,1.8148148148148149,1.0123456790123457
10.580246913580247,1.876543209876543,0.9259259259259259
10.419753086419753,1.8024691358024691,0.7901234567901234
10.25925925925926,1.9753086419753085,1.0
10.45679012345679,1.8024691358024691,0.9012345679012346
10.25925925925926,1.8641975308641976,0.9382716049382716
10.617283950617283,1.8888888888888888,0.9629629629629629
10.530864197530864,1.962962962962963,0.9382716049382716
10.691358024691358,1.7901234567901234,0.8518518518518519
10.320987654320987,2.037037037037037,0.9135802469135802
10.555555555555555,1.9506172839506173,0.7901234567901234
10.790123456790123,2.0246913580246915,0.9506172839506173
10.469135802469136,2.074074074074074,0.8518518518518519
10.148148148148149,2.0,1.1481481481481481
10.382716049382717,1.7654320987654322,1.0246913580246915
10.617283950617283,2.1481481481481484,1.0740740740740742
10.333333333333334,1.6666666666666667,1.1358024691358024
10.728395061728396,1.9876543209876543,0.9259259259259259
10.728395061728396,2.0246913580246915,0.9629629629629629
10.91358024691358,1.9506172839506173,1.0
10.518518518518519,1.9259259259259258,0.9135802469135802
10.518518518518519,2.0,1.0246913580246915
10.679012345679013,1.6296296296296295,0.8395061728395061
10.54320987654321,1.691358024691358,1.0987654320987654
10.62962962962963,2.0617283950617282,0.8765432098765432
10.283950617283951,1.876543209876543,1.0123456790123457
10.74074074074074,2.1604938271604937,0.9259259259259259
10.45679012345679,1.7530864197530864,0.9506172839506173
10.74074074074074,1.8395061728395061,0.9382716049382716
10.308641975308642,2.123456790123457,0.8641975308641975
10.506172839506172,1.876543209876543,0.9876543209876543
10.469135802469136,1.8518518518518519,0.8148148148148148
10.604938271604938,2.037037037037037,0.8271604938271605
10.296296296296296,2.0246913580246915,1.037037037037037
10.469135802469136,1.9506172839506173,1.0617283950617284
10.580246913580247,1.8518518518518519,0.9876543209876543
10.567901234567902,1.8888888888888888,0.8641975308641975
10.469135802469136,1.8024691358024691,0.8395061728395061
10.419753086419753,1.8641975308641976,0.9135802469135802
10.765432098765432,1.9259259259259258,0.9382716049382716
10.320987654320987,1.8888888888888888,1.0493827160493827
10.469135802469136,2.0,1.0987654320987654
10.135802469135802,1.9135802469135803,1.0864197530864197
10.62962962962963,1.8888888888888888,0.7654320987654321
10.11111111111111,1.7160493827160495,1.0123456790123457
10.54320987654321,1.9135802469135803,1.0740740740740742
10.395061728395062,1.9259259259259258,0.9876543209876543
10.580246913580247,1.7037037037037037,0.8148148148148148
10.88888888888889,2.037037037037037,1.1358024691358024
10.419753086419753,1.7654320987654322,0.8888888888888888
10.419753086419753,1.8395061728395061,0.8271604938271605
10.604938271604938,2.0617283950617282,1.1111111111111112
10.444444444444445,1.8888888888888888,0.8395061728395061
10.555555555555555,1.8641975308641976,1.1358024691358024
10.45679012345679,1.8271604938271604,1.0
10.345679012345679,1.7901234567901234,1.1481481481481481
10.407407407407407,1.7777777777777777,0.9012345679012346
10.444444444444445,1.9012345679012346,0.8641975308641975
10.765432098765432,2.0987654320987654,0.8024691358024691
10.419753086419753,1.962962962962963,0.9012345679012346
10.518518518518519,1.7160493827160495,0.9135802469135802
10.506172839506172,1.962962962962963,0.9382716049382716
10.54320987654321,1.9506172839506173,0.8641975308641975
10.74074074074074,1.8518518518518519,1.037037037037037
10.432098765432098,1.7901234567901234,1.0
10.530864197530864,1.7160493827160495,0.8395061728395061
10.45679012345679,1.7407407407407407,0.9382716049382716
10.45679012345679,1.9753086419753085,0.7530864197530864
10.395061728395062,1.8641975308641976,0.7283950617283951
10.382716049382717,1.9382716049382716,1.0987654320987654
10.530864197530864,1.7407407407407407,0.9629629629629629
10.209876543209877,1.7654320987654322,0.9506172839506173
10.45679012345679,2.0,1.0123456790123457
10.25925925925926,1.9753086419753085,0.9259259259259259
10.641975308641975,1.7777777777777777,0.9629629629629629
10.345679012345679,2.1728395061728394,0.8765432098765432
10.296296296296296,1.9382716049382716,0.8148148148148148
10.641975308641975,2.0,1.0
10.358024691358025,1.8518518518518519,1.0864197530864197
10.654320987654321,1.8641975308641976,0.9629629629629629
10.222222222222221,2.0123456790123457,1.0246913580246915
10.765432098765432,2.049382716049383,1.0
10.296296296296296,1.8271604938271604,0.9135802469135802
10.62962962962963,1.9259259259259258,0.7901234567901234
10.432098765432098,1.962962962962963,0.7901234567901234
10.296296296296296,1.7530864197530864,1.123456790123457
10.493827160493828,1.7777777777777777,0.7530864197530864
10.296296296296296,1.8395061728395061,0.9135802469135802
10.432098765432098,1.8641975308641976,1.0617283950617284
10.37037037037037,1.9259259259259258,0.9506172839506173
10.308641975308642,1.654320987654321,0.8888888888888888
10.580246913580247,1.7654320987654322,0.9506172839506173
10.555555555555555,1.8518518518518519,1.0246913580246915
10.765432098765432,1.6419753086419753,0.9012345679012346
10.54320987654321,1.6666666666666667,0.9135802469135802
10.37037037037037,2.0987654320987654,1.1358024691358024
10.395061728395062,1.8271604938271604,0.9382716049382716
10.419753086419753,1.8148148148148149,1.123456790123457
10.407407407407407,1.7654320987654322,0.9506172839506173
10.469135802469136,1.8024691358024691,0.9012345679012346
10.419753086419753,1.9012345679012346,1.0246913580246915
10.407407407407407,1.9012345679012346,0.9506172839506173
10.283950617283951,2.037037037037037,0.8641975308641975
10.345679012345679,1.8395061728395061,1.0
10.54320987654321,1.8518518518518519,0.7901234567901234
10.407407407407407,2.0,0.9629629629629629
10.296296296296296,1.8148148148148149,0.9012345679012346
10.62962962962963,1.9382716049382716,1.1358024691358024
10.308641975308642,1.8148148148148149,1.0
10.666666666666666,1.8271604938271604,1.0740740740740742
10.308641975308642,1.8641975308641976,0.9629629629629629
10.728395061728396,1.7777777777777777,0.8271604938271605
10.08641975308642,2.0617283950617282,0.9382716049382716
10.333333333333334,1.6666666666666667,0.9876543209876543
10.407407407407407,1.6296296296296295,0.9382716049382716
10.876543209876543,1.9876543209876543,0.9259259259259259
10.382716049382717,1.8888888888888888,1.0
10.703703703703704,1.9012345679012346,0.9876543209876543
10.11111111111111,1.9753086419753085,0.9506172839506173
10.407407407407407,1.8641975308641976,1.0
10.506172839506172,1.9506172839506173,0.7283950617283951
10.283950617283951,1.8888888888888888,0.9382716049382716
10.308641975308642,1.7037037037037037,0.7283950617283951
10.432098765432098,1.962962962962963,1.037037037037037
10.604938271604938,1.9259259259259258,1.0123456790123457
10.320987654320987,1.6296296296296295,1.0123456790123457
10.271604938271604,1.7407407407407407,0.9135802469135802
10.432098765432098,1.7037037037037037,0.9012345679012346
10.654320987654321,1.691358024691358,0.8518518518518519
10.234567901234568,1.7654320987654322,0.9135802469135802
10.345679012345679,1.7901234567901234,0.7777777777777778
10.54320987654321,1.9382716049382716,0.9876543209876543
10.345679012345679,1.691358024691358,0.8395061728395061
10.703703703703704,1.728395061728395,0.8888888888888888
10.54320987654321,2.0246913580246915,0.8395061728395061
10.691358024691358,1.8395061728395061,1.1481481481481481
10.481481481481481,1.9012345679012346,1.0246913580246915
10.530864197530864,2.0864197530864197,0.9012345679012346
10.407407407407407,1.962962962962963,1.0987654320987654
10.382716049382717,1.8024691358024691,0.8024691358024691
10.444444444444445,1.7530864197530864,0.9506172839506173
10.481481481481481,1.6296296296296295,0.8888888888888888
10.308641975308642,1.6419753086419753,0.8395061728395061
10.234567901234568,1.7160493827160495,1.0987654320987654
10.864197530864198,1.9259259259259258,0.8641975308641975
10.753086419753087,1.8148148148148149,0.9382716049382716
10.45679012345679,2.1481481481481484,0.8641975308641975
10.407407407407407,1.7777777777777777,0.9382716049382716
10.728395061728396,1.8148148148148149,0.8765432098765432
10.530864197530864,1.7407407407407407,0.8765432098765432
10.345679012345679,1.7777777777777777,0.8888888888888888
10.481481481481481,1.8888888888888888,1.0987654320987654
10.62962962962963,2.037037037037037,0.9259259259259259
10.407407407407407,2.246913580246914,1.0864197530864197
10.345679012345679,1.9259259259259258,1.0864197530864197
10.407407407407407,1.962962962962963,0.9506172839506173
10.567901234567902,1.7654320987654322,0.9753086419753086
10.283950617283951,2.0864197530864197,0.9012345679012346
10.728395061728396,1.7901234567901234,1.0493827160493827
10.481481481481481,1.7407407407407407,1.0246913580246915
10.716049382716049,1.7160493827160495,0.8888888888888888
10.123456790123457,2.074074074074074,0.9012345679012346
10.432098765432098,2.0246913580246915,0.8888888888888888
10.567901234567902,1.9259259259259258,1.0
10.469135802469136,1.962962962962963,1.1111111111111112
10.728395061728396,1.8395061728395061,0.9753086419753086
10.555555555555555,1.8271604938271604,1.0246913580246915
10.358024691358025,1.7777777777777777,0.9629629629629629
10.444444444444445,1.9876543209876543,0.9012345679012346
10.728395061728396,1.8395061728395061,0.7654320987654321
10.45679012345679,1.8395061728395061,0.8765432098765432
10.308641975308642,1.4938271604938271,0.8271604938271605
10.506172839506172,1.8024691358024691,0.9382716049382716
10.395061728395062,2.049382716049383,0.9506172839506173
10.197530864197532,1.8641975308641976,0.8518518518518519
10.308641975308642,1.962962962962963,0.8518518518518519
10.160493827160494,1.8148148148148149,0.9012345679012346
10.234567901234568,1.9506172839506173,0.9259259259259259
10.382716049382717,1.9753086419753085,1.1111111111111112
10.469135802469136,1.9135802469135803,0.9012345679012346
10.08641975308642,1.8888888888888888,0.8765432098765432
10.432098765432098,2.037037037037037,1.0123456790123457
10.493827160493828,2.0,0.8641975308641975
10.432098765432098,1.876543209876543,0.7530864197530864
10.308641975308642,1.9382716049382716,0.8765432098765432
10.296296296296296,1.5802469135802468,0.9259259259259259
10.395061728395062,1.6296296296296295,0.9629629629629629
10.407407407407407,1.876543209876543,1.0740740740740742
10.555555555555555,2.0617283950617282,0.9506172839506173
10.333333333333334,1.8271604938271604,1.0246913580246915
10.395061728395062,1.7407407407407407,0.8518518518518519
10.444444444444445,1.9753086419753085,1.0123456790123457
10.777777777777779,1.7777777777777777,0.9382716049382716
10.580246913580247,1.8518518518518519,1.123456790123457
10.506172839506172,1.728395061728395,0.9135802469135802
10.555555555555555,1.7037037037037037,1.0493827160493827
10.419753086419753,1.876543209876543,0.8148148148148148
10.320987654320987,1.7160493827160495,1.1111111111111112
10.197530864197532,1.876543209876543,0.9753086419753086
10.271604938271604,1.7777777777777777,0.9012345679012346
10.25925925925926,2.037037037037037,0.9876543209876543
10.62962962962963,1.7530864197530864,0.7654320987654321
10.679012345679013,2.0246913580246915,0.8271604938271605
10.037037037037036,2.0123456790123457,1.0864197530864197
10.567901234567902,2.123456790123457,0.9012345679012346
10.666666666666666,1.7530864197530864,1.0246913580246915
10.197530864197532,1.9382716049382716,0.8518518518518519
10.25925925925926,2.0123456790123457,0.9259259259259259
10.753086419753087,1.9753086419753085,0.9876543209876543
10.728395061728396,1.8518518518518519,0.9135802469135802
10.333333333333334,1.8148148148148149,0.7530864197530864
10.320987654320987,2.2839506172839505,0.8765432098765432
10.271604938271604,1.7777777777777777,0.8024691358024691
10.493827160493828,1.9876543209876543,0.9382716049382716
10.333333333333334,1.7777777777777777,0.9012345679012346
10.37037037037037,2.185185185185185,0.7530864197530864
10.222222222222221,2.3209876543209877,1.1358024691358024
10.617283950617283,1.6296296296296295,1.0864197530864197
10.234567901234568,2.0864197530864197,1.0
10.148148148148149,1.7777777777777777,1.0
10.481481481481481,1.8148148148148149,0.9506172839506173
10.728395061728396,2.0123456790123457,0.9629629629629629
10.493827160493828,1.7530864197530864,1.0123456790123457
10.308641975308642,1.8148148148148149,0.8765432098765432
10.777777777777779,1.8518518518518519,0.7654320987654321
10.654320987654321,1.8024691358024691,0.7901234567901234
10.506172839506172,2.0123456790123457,1.1481481481481481
10.407407407407407,1.6419753086419753,1.0617283950617284
10.45679012345679,1.7037037037037037,1.0123456790123457
10.604938271604938,1.9382716049382716,0.7901234567901234
10.419753086419753,1.7901234567901234,0.9876543209876543
10.283950617283951,1.7407407407407407,0.8641975308641975
10.493827160493828,1.6666666666666667,1.0123456790123457
10.419753086419753,1.962962962962963,0.8395061728395061
10.333333333333334,1.7037037037037037,0.9012345679012346
10.518518518518519,1.9259259259259258,1.2222222222222223
10.358024691358025,1.9135802469135803,1.0246913580246915
10.518518518518519,1.8518518518518519,0.8024691358024691
10.234567901234568,2.0987654320987654,1.0246913580246915
10.271604938271604,1.5555555555555556,0.8148148148148148
10.444444444444445,1.8888888888888888,1.0123456790123457
10.617283950617283,1.7407407407407407,1.1604938271604939
10.37037037037037,1.9135802469135803,0.9629629629629629
10.45679012345679,1.9012345679012346,1.037037037037037
10.296296296296296,1.6296296296296295,0.9382716049382716
10.45679012345679,1.7901234567901234,1.0740740740740742
10.358024691358025,1.5925925925925926,0.9259259259259259
10.25925925925926,1.8641975308641976,0.8024691358024691
10.444444444444445,1.7777777777777777,0.7530864197530864
10.469135802469136,2.1481481481481484,0.9259259259259259
10.45679012345679,2.0246913580246915,0.9629629629629629
10.592592592592593,1.9876543209876543,1.037037037037037
10.530864197530864,1.691358024691358,0.8641975308641975
10.234567901234568,1.8148148148148149,0.8271604938271605
10.395061728395062,2.037037037037037,0.9135802469135802
10.604938271604938,1.6049382716049383,0.8641975308641975
10.407407407407407,2.0123456790123457,0.9382716049382716
10.358024691358025,1.728395061728395,0.8271604938271605
10.049382716049383,1.7160493827160495,1.0246913580246915
10.469135802469136,2.0123456790123457,0.9012345679012346
10.555555555555555,1.9012345679012346,0.8024691358024691
10.691358024691358,1.8888888888888888,0.9876543209876543
10.17283950617284,1.8518518518518519,0.9259259259259259
10.37037037037037,2.049382716049383,0.9382716049382716
10.777777777777779,2.074074074074074,0.9135802469135802
10.45679012345679,1.8395061728395061,0.8148148148148148
10.54320987654321,1.8888888888888888,0.9753086419753086
10.333333333333334,1.9876543209876543,0.9876543209876543
10.37037037037037,1.9753086419753085,0.8888888888888888
10.703703703703704,1.9506172839506173,0.9382716049382716
10.641975308641975,1.7160493827160495,1.0
10.851851851851851,1.8271604938271604,1.0
10.469135802469136,1.7777777777777777,0.8765432098765432
10.691358024691358,1.9876543209876543,0.9012345679012346
10.691358024691358,1.9506172839506173,0.8888888888888888
10.08641975308642,2.0123456790123457,1.0740740740740742
10.641975308641975,2.185185185185185,1.0864197530864197
10.493827160493828,1.6419753086419753,1.0740740740740742
10.530864197530864,1.9506172839506173,1.0123456790123457
10.395061728395062,1.876543209876543,0.8888888888888888
10.604938271604938,2.0,0.9259259259259259
10.419753086419753,1.9876543209876543,0.9629629629629629
10.54320987654321,1.9506172839506173,0.8518518518518519
10.641975308641975,1.9382716049382716,0.8271604938271605
10.493827160493828,2.037037037037037,1.0246913580246915
10.530864197530864,1.7901234567901234,1.0
10.407407407407407,1.9506172839506173,0.8888888888888888
10.481481481481481,1.6296296296296295,1.0123456790123457
10.432098765432098,1.9753086419753085,1.0246913580246915
10.506172839506172,1.9753086419753085,0.9259259259259259
10.382716049382717,1.8888888888888888,1.0987654320987654
10.419753086419753,1.876543209876543,0.8765432098765432
10.345679012345679,1.8148148148148149,0.8765432098765432
10.382716049382717,1.9012345679012346,0.9506172839506173
10.234567901234568,1.7037037037037037,0.8518518518518519
10.432098765432098,1.8395061728395061,0.9012345679012346
10.62962962962963,2.0,0.9629629629629629
10.246913580246913,1.8518518518518519,0.8888888888888888
10.469135802469136,1.8888888888888888,1.0123456790123457
10.530864197530864,1.8395061728395061,0.9506172839506173
10.432098765432098,1.7530864197530864,0.8024691358024691
10.592592592592593,1.9753086419753085,1.0
10.444444444444445,1.8148148148148149,0.9753086419753086
10.753086419753087,2.0246913580246915,1.0
10.358024691358025,1.8148148148148149,1.0
10.604938271604938,1.9135802469135803,0.9753086419753086
10.271604938271604,1.9259259259259258,1.0123456790123457
10.617283950617283,1.7530864197530864,0.8765432098765432
10.432098765432098,2.0864197530864197,0.8024691358024691
10.382716049382717,2.111111111111111,0.9135802469135802
10.320987654320987,1.9506172839506173,0.9506172839506173
10.493827160493828,1.9135802469135803,0.9506172839506173
10.604938271604938,1.9135802469135803,1.0123456790123457
10.382716049382717,1.9506172839506173,0.8765432098765432
10.555555555555555,1.8395061728395061,0.8641975308641975
10.617283950617283,1.9259259259259258,0.9135802469135802
10.320987654320987,1.962962962962963,0.9012345679012346
10.728395061728396,2.074074074074074,0.8148148148148148
10.691358024691358,1.7037037037037037,1.0246913580246915
10.148148148148149,1.7037037037037037,1.0493827160493827
10.358024691358025,1.9382716049382716,0.8024691358024691
10.308641975308642,2.037037037037037,0.9259259259259259
10.864197530864198,1.9012345679012346,0.9753086419753086
10.37037037037037,1.7777777777777777,0.8271604938271605
10.617283950617283,2.1358024691358026,0.8888888888888888
10.469135802469136,2.0864197530864197,0.9012345679012346
10.580246913580247,1.8024691358024691,0.8888888888888888
10.506172839506172,1.8148148148148149,0.9135802469135802
10.271604938271604,1.8271604938271604,1.0123456790123457
10.17283950617284,1.8148148148148149,0.9876543209876543
10.506172839506172,1.9135802469135803,0.8395061728395061
10.308641975308642,1.876543209876543,0.7530864197530864
10.506172839506172,2.0123456790123457,0.8888888888888888
10.234567901234568,1.8148148148148149,1.037037037037037
10.592592592592593,1.8518518518518519,0.9629629629629629
10.555555555555555,1.8641975308641976,1.0123456790123457
10.08641975308642,1.962962962962963,1.0
10.395061728395062,2.0246913580246915,1.037037037037037
10.604938271604938,1.8641975308641976,0.8024691358024691
10.54320987654321,1.7407407407407407,0.9259259259259259
10.580246913580247,1.962962962962963,0.9506172839506173
10.45679012345679,1.8518518518518519,0.8271604938271605
10.555555555555555,1.7160493827160495,1.0740740740740742
10.382716049382717,1.962962962962963,0.9382716049382716
10.407407407407407,2.0,0.8888888888888888
10.74074074074074,1.9382716049382716,1.1604938271604939
10.74074074074074,1.8888888888888888,0.9012345679012346
10.382716049382717,1.7777777777777777,1.0246913580246915
10.444444444444445,1.9012345679012346,0.9753086419753086
10.37037037037037,2.0617283950617282,0.8888888888888888
10.518518518518519,1.9259259259259258,0.7901234567901234
10.518518518518519,1.9382716049382716,0.8024691358024691
10.555555555555555,1.8888888888888888,0.9506172839506173
10.518518518518519,1.9382716049382716,1.0123456790123457
10.395061728395062,1.8024691358024691,0.7654320987654321
10.283950617283951,1.6049382716049383,0.9506172839506173
10.592592592592593,1.7160493827160495,0.9506172839506173
10.493827160493828,1.8641975308641976,0.8888888888888888
10.567901234567902,2.1604938271604937,0.7777777777777778
10.493827160493828,2.0,1.1481481481481481
10.530864197530864,1.7777777777777777,0.9135802469135802
10.604938271604938,1.8518518518518519,0.9629629629629629
10.703703703703704,1.654320987654321,0.9259259259259259
10.493827160493828,2.074074074074074,0.9506172839506173
10.333333333333334,2.2839506172839505,0.7530864197530864
10.444444444444445,2.1481481481481484,0.8518518518518519
10.876543209876543,1.7037037037037037,0.9382716049382716
10.382716049382717,1.6790123456790123,1.0123456790123457
10.641975308641975,1.6049382716049383,1.0
10.320987654320987,1.691358024691358,0.8518518518518519
10.407407407407407,1.7654320987654322,0.9135802469135802
10.567901234567902,1.9382716049382716,0.9629629629629629
10.506172839506172,1.9012345679012346,0.9629629629629629
10.25925925925926,2.123456790123457,1.0123456790123457
10.876543209876543,1.9382716049382716,0.7901234567901234
10.555555555555555,1.876543209876543,1.037037037037037
10.185185185185185,1.728395061728395,0.8765432098765432
10.62962962962963,1.7160493827160495,1.0740740740740742
10.37037037037037,2.185185185185185,0.9506172839506173
10.802469135802468,2.037037037037037,0.9629629629629629
10.345679012345679,1.8888888888888888,0.8271604938271605
10.432098765432098,1.9753086419753085,0.9629629629629629
10.518518518518519,1.8888888888888888,0.9135802469135802
10.11111111111111,2.049382716049383,1.0987654320987654
10.777777777777779,1.8888888888888888,0.9135802469135802
10.469135802469136,1.8518518518518519,0.8024691358024691
10.506172839506172,1.4691358024691359,1.0493827160493827
10.506172839506172,1.8271604938271604,0.8271604938271605
10.160493827160494,1.8888888888888888,1.0617283950617284
10.296296296296296,1.9012345679012346,0.8641975308641975
10.469135802469136,1.9753086419753085,0.9259259259259259
