sub,Status,Age,Sex
,RETURNED,CONSENT_REVOKED,CONSENT_REVOKED
sub-074,APPROVED,23,Male
,RETURNED,CONSENT_REVOKED,CONSENT_REVOKED
,RETURNED,CONSENT_REVOKED,CONSENT_REVOKED
sub-069,APPROVED,47,Female
,RETURNED,CONSENT_REVOKED,CONSENT_REVOKED
,APPROVED,47,Male
,RETURNED,CONSENT_REVOKED,CONSENT_REVOKED
,RETURNED,CONSENT_REVOKED,CONSENT_REVOKED
,RETURNED,CONSENT_REVOKED,CONSENT_REVOKED
,RETURNED,CONSENT_REVOKED,CONSENT_REVOKED
,RETURNED,CONSENT_REVOKED,CONSENT_REVOKED
,RETURNED,CONSENT_REVOKED,CONSENT_REVOKED
,RETURNED,CONSENT_REVOKED,CONSENT_REVOKED
,APPROVED,41,Male
,APPROVED,23,Male
,RETURNED,CONSENT_REVOKED,CONSENT_REVOKED
,APPROVED,40,Female
,RETURNED,CONSENT_REVOKED,CONSENT_REVOKED
,RETURNED,CONSENT_REVOKED,CONSENT_REVOKED
sub-031,APPROVED,57,Female
sub-046,APPROVED,57,Male
,RETURNED,CONSENT_REVOKED,CONSENT_REVOKED
,APPROVED,36,Male
sub-030,APPROVED,25,Female
,RETURNED,CONSENT_REVOKED,CONSENT_REVOKED
,RETURNED,CONSENT_REVOKED,CONSENT_REVOKED
,RETURNED,CONSENT_REVOKED,CONSENT_REVOKED
,RETURNED,CONSENT_REVOKED,CONSENT_REVOKED
,RETURNED,CONSENT_REVOKED,CONSENT_REVOKED
sub-079,APPROVED,46,Male
,RETURNED,CONSENT_REVOKED,CONSENT_REVOKED
,RETURNED,CONSENT_REVOKED,CONSENT_REVOKED
,APPROVED,28,Male
,APPROVED,57,Female
,APPROVED,22,Male
,RETURNED,CONSENT_REVOKED,CONSENT_REVOKED
,RETURNED,CONSENT_REVOKED,CONSENT_REVOKED
,RETURNED,CONSENT_REVOKED,CONSENT_REVOKED
,RETURNED,CONSENT_REVOKED,CONSENT_REVOKED
sub-053,APPROVED,25,Female
,RETURNED,CONSENT_REVOKED,CONSENT_REVOKED
sub-034,APPROVED,57,Male
,APPROVED,33,Male
,RETURNED,CONSENT_REVOKED,CONSENT_REVOKED
sub-086,APPROVED,29,Male
,RETURNED,CONSENT_REVOKED,CONSENT_REVOKED
,RETURNED,CONSENT_REVOKED,CONSENT_REVOKED
,APPROVED,62,Female
,RETURNED,CONSENT_REVOKED,CONSENT_REVOKED
sub-085,APPROVED,24,Male
,RETURNED,CONSENT_REVOKED,CONSENT_REVOKED
,RETURNED,CONSENT_REVOKED,CONSENT_REVOKED
,RETURNED,CONSENT_REVOKED,CONSENT_REVOKED
,APPROVED,39,Female
sub-067,RETURNED,CONSENT_REVOKED,CONSENT_REVOKED
,APPROVED,34,Male
,RETURNED,CONSENT_REVOKED,CONSENT_REVOKED
,RETURNED,CONSENT_REVOKED,CONSENT_REVOKED
,RETURNED,CONSENT_REVOKED,CONSENT_REVOKED
sub-041,APPROVED,75,Female
,RETURNED,CONSENT_REVOKED,CONSENT_REVOKED
,APPROVED,34,Female
,APPROVED,47,Female
,RETURNED,CONSENT_REVOKED,CONSENT_REVOKED
,RETURNED,CONSENT_REVOKED,CONSENT_REVOKED
sub-059,APPROVED,41,Female
sub-081,APPROVED,48,Male
,APPROVED,50,Male
,APPROVED,68,Female
,RETURNED,CONSENT_REVOKED,CONSENT_REVOKED
,APPROVED,36,Female
sub-001,APPROVED,34,Male
sub-003,APPROVED,26,Male
sub-043,APPROVED,50,Male
,RETURNED,CONSENT_REVOKED,CONSENT_REVOKED
,RETURNED,CONSENT_REVOKED,CONSENT_REVOKED
,RETURNED,CONSENT_REVOKED,CONSENT_REVOKED
sub-047,APPROVED,22,Female
,RETURNED,CONSENT_REVOKED,CONSENT_REVOKED
,RETURNED,CONSENT_REVOKED,CONSENT_REVOKED
sub-092,APPROVED,63,Male
,APPROVED,54,Male
,RETURNED,CONSENT_REVOKED,CONSENT_REVOKED
sub-063,APPROVED,58,Female
,TIMED-OUT,37,Male
sub-036,APPROVED,71,Female
,RETURNED,CONSENT_REVOKED,CONSENT_REVOKED
,RETURNED,CONSENT_REVOKED,CONSENT_REVOKED
,APPROVED,34,Female
,RETURNED,CONSENT_REVOKED,CONSENT_REVOKED
,RETURNED,CONSENT_REVOKED,CONSENT_REVOKED
,RETURNED,CONSENT_REVOKED,CONSENT_REVOKED
sub-078,APPROVED,43,Male
,RETURNED,CONSENT_REVOKED,CONSENT_REVOKED
sub-052,APPROVED,31,Female
sub-051,APPROVED,31,Male
sub-091,APPROVED,42,Female
sub-050,APPROVED,47,Male
sub-088,APPROVED,26,Female
sub-082,APPROVED,48,Female
sub-089,APPROVED,27,Male
,RETURNED,CONSENT_REVOKED,CONSENT_REVOKED
sub-040,APPROVED,31,Male
,APPROVED,51,Male
,APPROVED,55,Male
,RETURNED,CONSENT_REVOKED,CONSENT_REVOKED
sub-062,APPROVED,20,Female
,APPROVED,51,Female
sub-083,APPROVED,32,Male
sub-044,APPROVED,44,Male
sub-087,APPROVED,28,Male
,APPROVED,57,Female
,APPROVED,36,Male
sub-032,APPROVED,35,Female
,RETURNED,CONSENT_REVOKED,CONSENT_REVOKED
,APPROVED,44,Female
,RETURNED,CONSENT_REVOKED,CONSENT_REVOKED
,RETURNED,CONSENT_REVOKED,CONSENT_REVOKED
,APPROVED,22,Female
,REJECTED,CONSENT_REVOKED,CONSENT_REVOKED
sub-033,APPROVED,26,Female
,RETURNED,CONSENT_REVOKED,CONSENT_REVOKED
,APPROVED,24,Male
,APPROVED,45,Female
,RETURNED,CONSENT_REVOKED,CONSENT_REVOKED
,TIMED-OUT,66,Male
,RETURNED,CONSENT_REVOKED,CONSENT_REVOKED
,TIMED-OUT,53,Male
,TIMED-OUT,53,Male
sub-037,APPROVED,30,Female
,APPROVED,33,Male
,RETURNED,CONSENT_REVOKED,CONSENT_REVOKED
,APPROVED,43,Male
,APPROVED,46,Male
,APPROVED,58,Male
sub-075,APPROVED,57,Male
,APPROVED,36,Male
,RETURNED,CONSENT_REVOKED,CONSENT_REVOKED
sub-084,APPROVED,47,Male
sub-080,APPROVED,33,Male
sub-077,APPROVED,34,Male
sub-060,APPROVED,45,Male
,RETURNED,CONSENT_REVOKED,CONSENT_REVOKED
,APPROVED,61,Female
,APPROVED,46,Female
sub-072,APPROVED,31,Female
sub-101,APPROVED,24,Female
sub-042,APPROVED,21,Male
,RETURNED,CONSENT_REVOKED,CONSENT_REVOKED
sub-035,APPROVED,51,Female
sub-094,APPROVED,44,Female
,APPROVED,24,Male
,APPROVED,25,Female
,APPROVED,20,Female
,RETURNED,CONSENT_REVOKED,CONSENT_REVOKED
,REJECTED,CONSENT_REVOKED,CONSENT_REVOKED
sub-076,APPROVED,35,Female
,APPROVED,20,Female
,APPROVED,24,Female
sub-093,TIMED-OUT,49,Female
sub-057,APPROVED,38,Female
,RETURNED,CONSENT_REVOKED,CONSENT_REVOKED
,RETURNED,CONSENT_REVOKED,CONSENT_REVOKED
sub-090,APPROVED,47,Female
sub-039,APPROVED,39,Male
,RETURNED,CONSENT_REVOKED,CONSENT_REVOKED
,APPROVED,30,Male
,RETURNED,CONSENT_REVOKED,CONSENT_REVOKED
,RETURNED,CONSENT_REVOKED,CONSENT_REVOKED
,RETURNED,CONSENT_REVOKED,CONSENT_REVOKED
sub-045,TIMED-OUT,56,Female
sub-102,APPROVED,20,Male
sub-070,APPROVED,29,Female
,RETURNED,CONSENT_REVOKED,CONSENT_REVOKED
,APPROVED,DATA_EXPIRED,Female
,RETURNED,CONSENT_REVOKED,CONSENT_REVOKED
,RETURNED,CONSENT_REVOKED,CONSENT_REVOKED
sub-068,APPROVED,58,Female
,APPROVED,53,Male
sub-100,APPROVED,58,Female
,APPROVED,43,Female
sub-004,APPROVED,42,Male
sub-099,APPROVED,54,Male
