sub,percent_correct,included
sub-001.csv,0.875,1
sub-002.csv,1.0,1
sub-003.csv,1.0,1
sub-004.csv,0.9375,1
sub-057.csv,1.0,1
sub-058.csv,0.9375,1
sub-059.csv,1.0,1
sub-060.csv,0.875,1
sub-061.csv,1.0,1
sub-062.csv,1.0,1
sub-063.csv,1.0,1
sub-064.csv,1.0,1
sub-065.csv,1.0,1
sub-066.csv,1.0,1
sub-067.csv,0.875,1
sub-068.csv,1.0,1
sub-069.csv,1.0,1
sub-070.csv,1.0,1
sub-071.csv,0.9375,1
sub-072.csv,1.0,1
sub-073.csv,1.0,1
sub-074.csv,1.0,1
sub-075.csv,1.0,1
sub-076.csv,1.0,1
sub-077.csv,1.0,1
sub-078.csv,0.875,1
sub-079.csv,1.0,1
sub-005.csv,1.0,1
sub-006.csv,1.0,1
sub-007.csv,1.0,1
sub-008.csv,1.0,1
sub-009.csv,1.0,1
sub-010.csv,1.0,1
sub-011.csv,1.0,1
sub-012.csv,1.0,1
sub-080.csv,0.875,1
sub-013.csv,0.9375,1
sub-014.csv,1.0,1
sub-015.csv,1.0,1
sub-016.csv,1.0,1
sub-017.csv,1.0,1
sub-018.csv,1.0,1
sub-019.csv,1.0,1
sub-020.csv,1.0,1
sub-021.csv,1.0,1
sub-022.csv,0.9375,1
sub-023.csv,1.0,1
sub-024.csv,0.9375,1
sub-025.csv,1.0,1
sub-081.csv,1.0,1
sub-026.csv,0.875,1
sub-027.csv,1.0,1
sub-028.csv,1.0,1
sub-029.csv,1.0,1
sub-030.csv,1.0,1
sub-031.csv,0.9375,1
sub-032.csv,1.0,1
sub-033.csv,1.0,1
sub-034.csv,1.0,1
sub-035.csv,1.0,1
sub-036.csv,0.8125,1
sub-037.csv,1.0,1
sub-038.csv,0.875,1
sub-039.csv,1.0,1
sub-040.csv,0.9375,1
sub-041.csv,1.0,1
sub-042.csv,1.0,1
sub-043.csv,0.9375,1
sub-044.csv,1.0,1
sub-045.csv,1.0,1
sub-046.csv,1.0,1
sub-047.csv,1.0,1
sub-048.csv,1.0,1
sub-049.csv,1.0,1
sub-050.csv,1.0,1
sub-051.csv,1.0,1
sub-052.csv,1.0,1
sub-053.csv,0.875,1
sub-054.csv,1.0,1
sub-055.csv,1.0,1
sub-056.csv,1.0,1
sub-082.csv,0.5,0
sub-087.csv,0.25,0
sub-088.csv,0.625,0
sub-089.csv,0.5625,0
sub-090.csv,0.3125,0
sub-083.csv,0.6875,0
sub-084.csv,0.5625,0
sub-085.csv,0.5,0
sub-086.csv,0.25,0
